{"stat.chestOpened":1,"stat.walkOneCm":149895,"stat.useItem.minecraft.torch":2,"stat.pickup.minecraft.stick":5,"stat.useItem.minecraft.stone":7,"stat.pickup.minecraft.gravel":2,"stat.mineBlock.minecraft.vine":1,"stat.useItem.minecraft.chicken":3,"stat.drop.minecraft.gravel":2,"stat.craftItem.minecraft.crafting_table":1,"stat.furnaceInteraction":5,"stat.mineBlock.minecraft.coal_ore":25,"stat.useItem.minecraft.porkchop":6,"stat.drop.minecraft.red_flower":2,"stat.pickup.minecraft.log":12,"stat.mineBlock.minecraft.stained_glass_pane":4,"stat.swimOneCm":4956,"stat.jump":544,"stat.pickup.minecraft.coal":25,"stat.fallOneCm":13530,"stat.climbOneCm":42,"stat.pickup.minecraft.iron_ingot":1,"stat.useItem.minecraft.planks":5,"stat.craftItem.minecraft.stone_slab2":0,"stat.pickup.minecraft.porkchop":6,"stat.crouchOneCm":632,"stat.pickup.minecraft.chicken":3,"stat.craftItem.chisel.chisel_iron":1,"stat.craftItem.minecraft.torch":24,"stat.pickup.minecraft.sapling":1,"stat.pickup.minecraft.dirt":1,"stat.sprintOneCm":79338,"stat.useItem.minecraft.stone_slab2":10,"stat.pickup.minecraft.apple":1,"stat.craftItem.minecraft.stick":8,"stat.craftingTableInteraction":6,"stat.craftItem.minecraft.furnace":1,"stat.useItem.carryon.tile_item":2,"stat.craftItem.minecraft.planks":48,"stat.craftItem.minecraft.stone":10,"stat.damageTaken":465,"stat.pickup.minecraft.feather":4,"stat.craftItem.minecraft.stone_pickaxe":2,"stat.mobKills":1,"stat.pickup.minecraft.cobblestone":114,"stat.mineBlock.minecraft.log":12,"stat.pickup.minecraft.planks":4,"stat.flyOneCm":77572,"stat.deaths":1,"stat.mineBlock.minecraft.planks":1,"stat.drop":4,"stat.pickup.minecraft.brown_mushroom":1,"stat.mineBlock.minecraft.leaves":6,"stat.playOneMinute":42692,"stat.mineBlock.minecraft.gravel":1,"stat.useItem.minecraft.stone_pickaxe":142,"stat.pickup.minecraft.red_flower":2,"stat.sneakTime":394,"stat.damageDealt":123,"stat.timeSinceDeath":19770,"stat.mineBlock.minecraft.dirt":1,"stat.killEntity.Pig":1,"stat.mineBlock.minecraft.stone":118,"stat.diveOneCm":6169}