{"stat.chestOpened":2,"stat.walkOneCm":201737,"stat.useItem.minecraft.torch":3,"stat.pickup.minecraft.bone":2,"stat.pickup.minecraft.stick":5,"stat.useItem.minecraft.stone":47,"stat.pickup.minecraft.gravel":2,"stat.leaveGame":1,"stat.mineBlock.minecraft.vine":1,"stat.pickup.minecraft.arrow":1,"stat.useItem.minecraft.chicken":3,"stat.drop.minecraft.gravel":2,"stat.craftItem.minecraft.crafting_table":1,"stat.furnaceInteraction":13,"stat.pickup.xlfoodmod.cucumber_seeds":1,"stat.mineBlock.minecraft.coal_ore":25,"stat.useItem.minecraft.porkchop":6,"stat.drop.minecraft.red_flower":2,"stat.pickup.minecraft.log":12,"stat.mineBlock.minecraft.stained_glass_pane":4,"stat.swimOneCm":4956,"stat.jump":633,"stat.pickup.minecraft.coal":25,"stat.fallOneCm":14701,"stat.climbOneCm":42,"stat.pickup.minecraft.iron_ingot":1,"stat.useItem.minecraft.planks":5,"stat.drop.minecraft.cobblestone":3,"stat.craftItem.minecraft.stone_slab2":0,"stat.pickup.minecraft.porkchop":6,"stat.crouchOneCm":644,"stat.pickup.minecraft.chicken":3,"stat.craftItem.chisel.chisel_iron":1,"stat.craftItem.minecraft.torch":24,"stat.craftItem.minecraft.chest":1,"stat.pickup.minecraft.sapling":1,"stat.pickup.minecraft.dirt":1,"stat.sprintOneCm":94302,"stat.useItem.minecraft.stone_slab2":16,"stat.pickup.minecraft.apple":1,"stat.craftItem.minecraft.stick":8,"stat.craftingTableInteraction":7,"stat.craftItem.minecraft.furnace":1,"stat.useItem.carryon.tile_item":2,"stat.craftItem.minecraft.planks":48,"stat.craftItem.minecraft.stone":76,"stat.pickup.xlfoodmod.tomato_seeds":1,"stat.damageTaken":535,"stat.pickup.minecraft.feather":4,"stat.craftItem.minecraft.stone_pickaxe":2,"stat.mobKills":1,"stat.pickup.minecraft.cobblestone":154,"stat.mineBlock.minecraft.log":12,"stat.pickup.minecraft.planks":4,"stat.flyOneCm":80663,"stat.deaths":1,"stat.mineBlock.minecraft.planks":1,"stat.pickup.xlfoodmod.pepper_seeds":8,"stat.drop":7,"stat.pickup.minecraft.brown_mushroom":1,"stat.mineBlock.minecraft.leaves":6,"stat.pickup.xlfoodmod.rice_seeds":1,"stat.playOneMinute":61399,"stat.mineBlock.minecraft.gravel":1,"stat.useItem.minecraft.stone_pickaxe":186,"stat.pickup.minecraft.red_flower":2,"stat.sneakTime":412,"stat.damageDealt":157,"stat.pickup.xlfoodmod.strawberry_seeds":1,"stat.timeSinceDeath":38477,"stat.mineBlock.minecraft.dirt":1,"stat.killEntity.Pig":1,"stat.mineBlock.minecraft.stone":160,"stat.diveOneCm":6169}