{"stat.chestOpened":1,"stat.walkOneCm":108650,"stat.useItem.carryon.tile_item":2,"stat.craftItem.minecraft.planks":48,"stat.pickup.minecraft.stick":1,"stat.pickup.minecraft.gravel":2,"stat.mineBlock.minecraft.vine":1,"stat.damageTaken":385,"stat.pickup.minecraft.feather":4,"stat.useItem.minecraft.chicken":3,"stat.drop.minecraft.gravel":2,"stat.mobKills":1,"stat.pickup.minecraft.cobblestone":1,"stat.useItem.minecraft.porkchop":6,"stat.mineBlock.minecraft.log":12,"stat.pickup.minecraft.planks":3,"stat.drop.minecraft.red_flower":2,"stat.pickup.minecraft.log":12,"stat.flyOneCm":67925,"stat.mineBlock.minecraft.stained_glass_pane":4,"stat.deaths":1,"stat.drop":4,"stat.pickup.minecraft.brown_mushroom":1,"stat.jump":449,"stat.swimOneCm":4956,"stat.mineBlock.minecraft.leaves":6,"stat.playOneMinute":30692,"stat.fallOneCm":10645,"stat.climbOneCm":42,"stat.pickup.minecraft.iron_ingot":1,"stat.mineBlock.minecraft.gravel":1,"stat.pickup.minecraft.red_flower":2,"stat.sneakTime":353,"stat.damageDealt":123,"stat.pickup.minecraft.porkchop":6,"stat.crouchOneCm":621,"stat.pickup.minecraft.chicken":3,"stat.timeSinceDeath":7770,"stat.craftItem.chisel.chisel_iron":1,"stat.pickup.minecraft.sapling":1,"stat.pickup.minecraft.dirt":1,"stat.sprintOneCm":60937,"stat.mineBlock.minecraft.dirt":1,"stat.useItem.minecraft.stone_slab2":4,"stat.killEntity.Pig":1,"stat.pickup.minecraft.apple":1,"stat.diveOneCm":6169}