{"stat.pickup.minecraft.bone":2,"stat.horseOneCm":1028,"stat.useItem.minecraft.iron_axe":274,"stat.leaveGame":5,"stat.mineBlock.minecraft.cobblestone":10,"stat.mineBlock.minecraft.yellow_flower":1,"stat.craftItem.minecraft.iron_axe":2,"stat.mineBlock.minecraft.sandstone":11,"stat.useItem.minecraft.mutton":29,"stat.swimOneCm":45863,"stat.climbOneCm":636,"stat.useItem.minecraft.planks":1323,"stat.pickup.minecraft.porkchop":19,"stat.useItem.minecraft.dirt":267,"stat.useItem.minecraft.stone_slab2":84,"stat.drop.minecraft.iron_sword":1,"stat.pickup.minecraft.sand":154,"stat.craftItem.minecraft.furnace":1,"stat.craftItem.minecraft.stone_axe":1,"stat.craftItem.minecraft.iron_boots":1,"stat.pickup.animalium.wild_dog_pelt":1,"stat.craftItem.minecraft.stone_pickaxe":1,"stat.pickup.minecraft.cobblestone":106,"stat.flyOneCm":239086,"stat.pickup.minecraft.sandstone":12,"stat.craftItem.minecraft.iron_shovel":2,"stat.mineBlock.minecraft.sand":162,"stat.drop.tombstone.gift":1,"stat.useItem.minecraft.cooked_beef":9,"stat.pickup.chisel.chisel_iron":1,"stat.mineBlock.minecraft.iron_ore":15,"stat.timeSinceDeath":40677,"stat.craftItem.minecraft.acacia_door":3,"stat.pickup.minecraft.stained_hardened_clay":1,"stat.craftItem.minecraft.wooden_pickaxe":1,"stat.pickup.minecraft.mutton":33,"stat.useItem.minecraft.iron_shovel":376,"stat.drop.minecraft.wooden_shovel":2,"stat.useItem.minecraft.potato":34,"stat.pickup.minecraft.wooden_axe":1,"stat.mineBlock.chisel.marble2":4,"stat.useItem.minecraft.oak_stairs":3,"stat.pickup.minecraft.wooden_shovel":3,"stat.furnaceInteraction":35,"stat.mineBlock.minecraft.coal_ore":10,"stat.pickup.chococraft.chocobo_feather":1,"stat.pickup.minecraft.shield":1,"stat.talkedToVillager":12,"stat.pickup.comforts.sleeping_bag":3,"stat.pickup.minecraft.beef":13,"stat.pickup.minecraft.furnace":2,"stat.killEntity.rat":3,"stat.mineBlock.minecraft.stained_hardened_clay":1,"stat.sprintOneCm":507604,"stat.craftItem.minecraft.stick":28,"stat.craftItem.minecraft.wooden_axe":1,"stat.pickup.simpleores.tin_leggings":1,"stat.pickup.paraglider.paraglider":3,"stat.pickup.minecraft.acacia_door":2,"stat.pickup.tombstone.gift":1,"stat.mineBlock.simpleores.tin_ore":14,"stat.mineBlock.minecraft.crafting_table":1,"stat.useItem.minecraft.diamond_pickaxe":146,"stat.useItem.minecraft.carrot":19,"stat.pickup.foodexpansion.itemsquid":1,"stat.useItem.minecraft.wooden_shovel":54,"stat.pickup.chococraft.gysahl_green_seeds":4,"stat.deaths":11,"stat.mineBlock.minecraft.planks":168,"stat.drop":10,"stat.playOneMinute":337099,"stat.useItem.minecraft.wooden_sword":87,"stat.craftItem.minecraft.wooden_shovel":1,"stat.killEntity.Sheep":15,"stat.drop.tombstone.grave_key":1,"stat.pickup.tombstone.grave_key":1,"stat.craftItem.minecraft.diamond_pickaxe":1,"stat.drop.minecraft.iron_ingot":1,"stat.pickup.chisel.marble2":16,"stat.mineBlock.minecraft.tallgrass":318,"stat.diveOneCm":72361,"stat.pickup.minecraft.wheat":8,"stat.chestOpened":41,"stat.killEntity.betteranimalsplus.goose":1,"stat.pickup.minecraft.iron_sword":1,"stat.useItem.minecraft.apple":1,"stat.useItem.minecraft.porkchop":8,"stat.useItem.minetraps.quicksand":1,"stat.jump":4512,"stat.pickup.minecraft.coal":10,"stat.fallOneCm":110541,"stat.pickup.minecraft.iron_ingot":7,"stat.pickup.minetraps.quicksand":3,"stat.pickup.simpleores.tin_ore":13,"stat.pickup.minecraft.carrot":20,"stat.useItem.minecraft.stone_axe":47,"stat.crouchOneCm":12237,"stat.pickup.simpleores.tin_chestplate":1,"stat.craftItem.minecraft.chest":4,"stat.craftItem.minecraft.iron_ingot":7,"stat.craftItem.minecraft.torch":8,"stat.pickup.minecraft.dirt":404,"stat.craftItem.minecraft.iron_helmet":1,"stat.killEntity.blue_archer":1,"stat.craftingTableInteraction":51,"stat.pickup.minecraft.iron_ore":15,"stat.useItem.minecraft.glass":2,"stat.pickup.minecraft.cookie":4,"stat.mineBlock.minecraft.leaves2":7,"stat.mineBlock.minecraft.log2":417,"stat.damageTaken":4803,"stat.pickup.minecraft.leather":5,"stat.mineBlock.minecraft.red_flower":2,"stat.mineBlock.minecraft.torch":10,"stat.useItem.minecraft.wooden_pickaxe":19,"stat.useItem.minecraft.furnace":1,"stat.useItem.minecraft.acacia_door":2,"stat.craftItem.minecraft.wooden_sword":1,"stat.pickup.minecraft.log2":303,"stat.pickup.minecraft.planks":280,"stat.pickup.minecraft.bed":6,"stat.pickup.minecraft.wheat_seeds":65,"stat.useItem.chisel.glass":191,"stat.pickup.minecraft.potato":44,"stat.useItem.minecraft.stone_pickaxe":18,"stat.mineBlock.minecraft.glass":2,"stat.craftItem.minecraft.iron_leggings":1,"stat.damageDealt":5766,"stat.craftItem.minecraft.glass":189,"stat.useItem.minecraft.wool":2,"stat.sleepInBed":13,"stat.pickup.chococraft.gysahl_green":2,"stat.craftItem.minecraft.oak_stairs":4,"stat.killEntity.Cow":7,"stat.mineBlock.xlfoodmod.grass":1,"stat.useItem.minecraft.crafting_table":1,"stat.mineBlock.minecraft.dirt":285,"stat.killEntity.Pig":9,"stat.craftItem.minecraft.iron_sword":1,"stat.walkOneCm":1311421,"stat.useItem.minecraft.torch":17,"stat.playerKills":1,"stat.pickup.minecraft.crafting_table":1,"stat.craftItem.minecraft.crafting_table":6,"stat.mineBlock.minecraft.double_plant":16,"stat.pickup.minecraft.log":62,"stat.useItem.tombstone.gift":1,"stat.pickup.minecraft.stone":3,"stat.drop.minecraft.planks":2,"stat.craftItem.minecraft.iron_chestplate":1,"stat.drop.minecraft.potato":1,"stat.pickup.minecraft.sapling":78,"stat.mineBlock.chisel.glass":15,"stat.pickup.minecraft.apple":2,"stat.pickup.minecraft.beetroot":7,"stat.killEntity.wild_dog":9,"stat.craftItem.minecraft.planks":1298,"stat.useItem.minecraft.iron_sword":215,"stat.mobKills":48,"stat.drop.paraglider.paraglider":1,"stat.mineBlock.minecraft.log":83,"stat.craftItem.minecraft.wooden_door":3,"stat.useItem.carryon.entity_item":9,"stat.useItem.minecraft.wooden_door":2,"stat.useItem.minecraft.golden_apple":1,"stat.mineBlock.minecraft.leaves":15,"stat.pickup.minecraft.beetroot_seeds":15,"stat.pickup.minecraft.torch":14,"stat.pickup.minecraft.red_flower":1,"stat.sneakTime":1854,"stat.pickup.minecraft.wool":15,"stat.useItem.minecraft.wooden_axe":141,"stat.pickup.minecraft.yellow_flower":2,"stat.mineBlock.minecraft.stone":107,"stat.useItem.minecraft.sandstone":8}