{"stat.useItem.minecraft.iron_axe":126,"stat.leaveGame":5,"stat.mineBlock.minecraft.cobblestone":10,"stat.mineBlock.minecraft.yellow_flower":1,"stat.craftItem.minecraft.iron_axe":1,"stat.mineBlock.minecraft.sandstone":11,"stat.useItem.minecraft.mutton":29,"stat.swimOneCm":36015,"stat.climbOneCm":636,"stat.useItem.minecraft.planks":564,"stat.pickup.minecraft.porkchop":19,"stat.useItem.minecraft.dirt":13,"stat.useItem.minecraft.stone_slab2":49,"stat.pickup.minecraft.sand":6,"stat.craftItem.minecraft.stone_axe":1,"stat.craftItem.minecraft.stone_pickaxe":1,"stat.pickup.minecraft.cobblestone":106,"stat.flyOneCm":148094,"stat.pickup.minecraft.sandstone":12,"stat.mineBlock.minecraft.sand":3,"stat.drop.tombstone.gift":1,"stat.pickup.chisel.chisel_iron":1,"stat.mineBlock.minecraft.iron_ore":10,"stat.timeSinceDeath":10244,"stat.craftItem.minecraft.acacia_door":3,"stat.pickup.minecraft.stained_hardened_clay":1,"stat.craftItem.minecraft.wooden_pickaxe":1,"stat.pickup.minecraft.mutton":31,"stat.drop.minecraft.wooden_shovel":2,"stat.useItem.minecraft.potato":29,"stat.pickup.minecraft.wooden_axe":1,"stat.mineBlock.chisel.marble2":4,"stat.useItem.minecraft.oak_stairs":3,"stat.pickup.minecraft.wooden_shovel":3,"stat.furnaceInteraction":23,"stat.mineBlock.minecraft.coal_ore":5,"stat.pickup.minecraft.shield":1,"stat.talkedToVillager":12,"stat.pickup.comforts.sleeping_bag":3,"stat.pickup.minecraft.beef":13,"stat.pickup.minecraft.furnace":2,"stat.killEntity.rat":1,"stat.mineBlock.minecraft.stained_hardened_clay":1,"stat.sprintOneCm":249435,"stat.craftItem.minecraft.stick":20,"stat.craftItem.minecraft.wooden_axe":1,"stat.pickup.simpleores.tin_leggings":1,"stat.pickup.paraglider.paraglider":2,"stat.pickup.minecraft.acacia_door":2,"stat.pickup.tombstone.gift":1,"stat.mineBlock.simpleores.tin_ore":14,"stat.mineBlock.minecraft.crafting_table":1,"stat.useItem.minecraft.diamond_pickaxe":133,"stat.useItem.minecraft.carrot":9,"stat.pickup.foodexpansion.itemsquid":1,"stat.useItem.minecraft.wooden_shovel":25,"stat.pickup.chococraft.gysahl_green_seeds":3,"stat.deaths":7,"stat.mineBlock.minecraft.planks":117,"stat.drop":6,"stat.playOneMinute":205393,"stat.useItem.minecraft.wooden_sword":87,"stat.craftItem.minecraft.wooden_shovel":1,"stat.killEntity.Sheep":14,"stat.drop.tombstone.grave_key":1,"stat.pickup.tombstone.grave_key":1,"stat.craftItem.minecraft.diamond_pickaxe":1,"stat.drop.minecraft.iron_ingot":1,"stat.pickup.chisel.marble2":16,"stat.mineBlock.minecraft.tallgrass":215,"stat.diveOneCm":60408,"stat.pickup.minecraft.wheat":8,"stat.chestOpened":28,"stat.useItem.minecraft.apple":1,"stat.useItem.minecraft.porkchop":8,"stat.useItem.minetraps.quicksand":1,"stat.jump":2830,"stat.pickup.minecraft.coal":5,"stat.fallOneCm":66035,"stat.pickup.minecraft.iron_ingot":7,"stat.pickup.minetraps.quicksand":3,"stat.pickup.simpleores.tin_ore":13,"stat.pickup.minecraft.carrot":20,"stat.useItem.minecraft.stone_axe":47,"stat.crouchOneCm":11804,"stat.pickup.simpleores.tin_chestplate":1,"stat.craftItem.minecraft.chest":2,"stat.craftItem.minecraft.iron_ingot":7,"stat.pickup.minecraft.dirt":50,"stat.craftingTableInteraction":28,"stat.pickup.minecraft.iron_ore":10,"stat.useItem.minecraft.glass":2,"stat.mineBlock.minecraft.log2":150,"stat.damageTaken":3054,"stat.pickup.minecraft.leather":5,"stat.mineBlock.minecraft.red_flower":2,"stat.mineBlock.minecraft.torch":8,"stat.useItem.minecraft.wooden_pickaxe":19,"stat.useItem.minecraft.furnace":1,"stat.useItem.minecraft.acacia_door":2,"stat.craftItem.minecraft.wooden_sword":1,"stat.pickup.minecraft.log2":125,"stat.pickup.minecraft.planks":232,"stat.pickup.minecraft.bed":6,"stat.pickup.minecraft.wheat_seeds":55,"stat.useItem.chisel.glass":56,"stat.pickup.minecraft.potato":44,"stat.useItem.minecraft.stone_pickaxe":18,"stat.mineBlock.minecraft.glass":2,"stat.damageDealt":4363,"stat.craftItem.minecraft.glass":75,"stat.useItem.minecraft.wool":2,"stat.sleepInBed":8,"stat.pickup.chococraft.gysahl_green":1,"stat.craftItem.minecraft.oak_stairs":4,"stat.killEntity.Cow":7,"stat.mineBlock.xlfoodmod.grass":1,"stat.useItem.minecraft.crafting_table":1,"stat.mineBlock.minecraft.dirt":51,"stat.killEntity.Pig":9,"stat.craftItem.minecraft.iron_sword":1,"stat.walkOneCm":742264,"stat.useItem.minecraft.torch":10,"stat.playerKills":1,"stat.pickup.minecraft.crafting_table":1,"stat.craftItem.minecraft.crafting_table":5,"stat.mineBlock.minecraft.double_plant":16,"stat.pickup.minecraft.log":55,"stat.useItem.tombstone.gift":1,"stat.pickup.minecraft.stone":3,"stat.drop.minecraft.potato":1,"stat.pickup.minecraft.sapling":28,"stat.mineBlock.chisel.glass":4,"stat.pickup.minecraft.apple":2,"stat.pickup.minecraft.beetroot":7,"stat.killEntity.wild_dog":5,"stat.craftItem.minecraft.planks":518,"stat.useItem.minecraft.iron_sword":141,"stat.mobKills":34,"stat.mineBlock.minecraft.log":67,"stat.craftItem.minecraft.wooden_door":3,"stat.useItem.carryon.entity_item":9,"stat.useItem.minecraft.wooden_door":2,"stat.useItem.minecraft.golden_apple":1,"stat.mineBlock.minecraft.leaves":10,"stat.pickup.minecraft.beetroot_seeds":15,"stat.pickup.minecraft.torch":11,"stat.pickup.minecraft.red_flower":1,"stat.sneakTime":1743,"stat.pickup.minecraft.wool":14,"stat.useItem.minecraft.wooden_axe":141,"stat.pickup.minecraft.yellow_flower":1,"stat.mineBlock.minecraft.stone":107,"stat.useItem.minecraft.sandstone":8}