{"stat.mineBlock.minecraft.yellow_flower":1,"stat.useItem.minecraft.apple":1,"stat.useItem.minecraft.porkchop":5,"stat.useItem.minecraft.mutton":18,"stat.jump":402,"stat.swimOneCm":2099,"stat.pickup.minecraft.coal":2,"stat.fallOneCm":7826,"stat.pickup.minecraft.porkchop":8,"stat.crouchOneCm":3991,"stat.pickup.minecraft.dirt":2,"stat.useItem.minecraft.stone_slab2":6,"stat.craftingTableInteraction":2,"stat.damageTaken":645,"stat.craftItem.minecraft.stone_pickaxe":1,"stat.useItem.minecraft.wooden_pickaxe":8,"stat.pickup.minecraft.cobblestone":6,"stat.craftItem.minecraft.wooden_sword":1,"stat.flyOneCm":22452,"stat.pickup.minecraft.bed":2,"stat.pickup.minecraft.wheat_seeds":6,"stat.drop.tombstone.gift":1,"stat.damageDealt":1723,"stat.useItem.minecraft.wool":2,"stat.sleepInBed":1,"stat.timeSinceDeath":24210,"stat.useItem.minecraft.crafting_table":1,"stat.mineBlock.minecraft.dirt":3,"stat.killEntity.Pig":4,"stat.craftItem.minecraft.wooden_pickaxe":1,"stat.pickup.minecraft.mutton":28,"stat.walkOneCm":140222,"stat.playerKills":1,"stat.pickup.minecraft.wooden_axe":1,"stat.craftItem.minecraft.crafting_table":2,"stat.mineBlock.minecraft.double_plant":5,"stat.mineBlock.minecraft.coal_ore":2,"stat.pickup.minecraft.log":35,"stat.pickup.comforts.sleeping_bag":1,"stat.useItem.tombstone.gift":1,"stat.killEntity.rat":1,"stat.pickup.minecraft.sapling":8,"stat.sprintOneCm":33079,"stat.pickup.minecraft.apple":2,"stat.craftItem.minecraft.stick":8,"stat.craftItem.minecraft.wooden_axe":1,"stat.killEntity.wild_dog":1,"stat.pickup.tombstone.gift":1,"stat.craftItem.minecraft.planks":100,"stat.mobKills":17,"stat.mineBlock.minecraft.log":37,"stat.useItem.carryon.entity_item":9,"stat.deaths":1,"stat.drop":1,"stat.mineBlock.minecraft.leaves":4,"stat.playOneMinute":29526,"stat.useItem.minecraft.wooden_sword":78,"stat.killEntity.Sheep":12,"stat.sneakTime":659,"stat.pickup.minecraft.wool":12,"stat.useItem.minecraft.wooden_axe":39,"stat.pickup.minecraft.yellow_flower":1,"stat.mineBlock.minecraft.stone":6,"stat.mineBlock.minecraft.tallgrass":67,"stat.diveOneCm":2705}