{"stat.leaveGame":9,"stat.craftItem.minecraft.iron_axe":3,"stat.pickup.cfm.table_acacia":1,"stat.mineBlock.minecraft.sandstone":21,"stat.useItem.minecraft.mutton":29,"stat.useItem.minecraft.planks":1677,"stat.pickup.minecraft.porkchop":20,"stat.drop.minecraft.iron_sword":2,"stat.pickup.minecraft.sand":177,"stat.craftItem.minecraft.stone_axe":1,"stat.pickup.animalium.wild_dog_pelt":1,"stat.mineBlock.cfm.chair_acacia":2,"stat.mineBlock.cfm.table_acacia":1,"stat.craftItem.minecraft.iron_shovel":3,"stat.mineBlock.minecraft.sand":185,"stat.drop.tombstone.gift":1,"stat.mineBlock.cfm.coffee_table_birch":8,"stat.pickup.chisel.chisel_iron":2,"stat.pickup.minecraft.stained_hardened_clay":3,"stat.craftItem.minecraft.wooden_pickaxe":1,"stat.useItem.minecraft.iron_shovel":716,"stat.craftItem.minecraft.birch_door":3,"stat.drop.minecraft.wooden_shovel":2,"stat.craftItem.cfm.coffee_table_birch":4,"stat.mineBlock.chisel.marble2":4,"stat.useItem.minecraft.oak_stairs":3,"stat.pickup.minecraft.wooden_shovel":3,"stat.furnaceInteraction":50,"stat.pickup.minecraft.beef":13,"stat.pickup.minecraft.furnace":2,"stat.mineBlock.minecraft.stained_hardened_clay":3,"stat.pickup.simpleores.tin_leggings":1,"stat.pickup.minecraft.acacia_door":2,"stat.pickup.tombstone.gift":1,"stat.mineBlock.simpleores.tin_ore":14,"stat.pickup.foodexpansion.itemsquid":1,"stat.deaths":11,"stat.playOneMinute":446138,"stat.craftItem.minecraft.wooden_shovel":1,"stat.drop.minecraft.iron_ingot":1,"stat.pickup.chisel.marble2":16,"stat.mineBlock.minecraft.tallgrass":337,"stat.chestOpened":58,"stat.killEntity.betteranimalsplus.goose":1,"stat.pickup.minecraft.iron_sword":2,"stat.useItem.malisisdoors.shoji_door":1,"stat.fallOneCm":128633,"stat.pickup.simpleores.tin_ore":13,"stat.pickup.minecraft.carrot":20,"stat.crouchOneCm":12634,"stat.craftItem.minecraft.chest":7,"stat.craftItem.minecraft.iron_ingot":7,"stat.craftingTableInteraction":81,"stat.mineBlock.minecraft.log2":417,"stat.useItem.minecraft.furnace":1,"stat.craftItem.minecraft.wooden_sword":1,"stat.pickup.minecraft.planks":378,"stat.pickup.minecraft.wheat_seeds":66,"stat.useItem.minecraft.stone_pickaxe":18,"stat.craftItem.minecraft.birch_stairs":4,"stat.mineBlock.minecraft.glass":2,"stat.craftItem.minecraft.iron_leggings":1,"stat.useItem.minecraft.wool":2,"stat.craftItem.cfm.chair_acacia":1,"stat.craftItem.minecraft.oak_stairs":4,"stat.mineBlock.xlfoodmod.grass":1,"stat.mineBlock.minecraft.dirt":602,"stat.useItem.minecraft.torch":26,"stat.pickup.minecraft.crafting_table":2,"stat.craftItem.minecraft.crafting_table":6,"stat.mineBlock.minecraft.double_plant":17,"stat.pickup.minecraft.log":163,"stat.drop.minecraft.planks":2,"stat.pickup.minecraft.sapling":94,"stat.mineBlock.chisel.glass":16,"stat.pickup.minecraft.apple":2,"stat.useItem.minecraft.birch_door":1,"stat.pickup.minecraft.beetroot":7,"stat.craftItem.minecraft.planks":1680,"stat.useItem.minecraft.iron_sword":236,"stat.pickup.cfm.chair_acacia":2,"stat.drop.paraglider.paraglider":1,"stat.pickup.cfm.coffee_table_birch":8,"stat.mineBlock.minecraft.log":189,"stat.craftItem.minecraft.wooden_door":3,"stat.useItem.carryon.entity_item":9,"stat.useItem.minecraft.wooden_door":2,"stat.pickup.minecraft.red_flower":1,"stat.sneakTime":1936,"stat.pickup.minecraft.wool":15,"stat.useItem.minecraft.wooden_axe":141,"stat.pickup.minecraft.yellow_flower":3,"stat.pickup.minecraft.bone":2,"stat.horseOneCm":1028,"stat.useItem.minecraft.iron_axe":426,"stat.mineBlock.minecraft.cobblestone":10,"stat.mineBlock.minecraft.yellow_flower":1,"stat.swimOneCm":62585,"stat.climbOneCm":636,"stat.useItem.minecraft.dirt":457,"stat.killEntity.betteranimalsplus.boar":1,"stat.useItem.minecraft.stone_slab2":125,"stat.craftItem.minecraft.furnace":1,"stat.craftItem.minecraft.iron_boots":1,"stat.craftItem.minecraft.stone_pickaxe":1,"stat.pickup.minecraft.cobblestone":106,"stat.drop.chisel.chisel_iron":1,"stat.flyOneCm":281739,"stat.pickup.minecraft.sandstone":22,"stat.pickup.malisisdoors.shoji_door":2,"stat.useItem.minecraft.cooked_beef":18,"stat.mineBlock.minecraft.iron_ore":15,"stat.timeSinceDeath":149716,"stat.craftItem.minecraft.acacia_door":3,"stat.pickup.minecraft.mutton":33,"stat.useItem.minecraft.potato":34,"stat.craftItem.cfm.table_acacia":2,"stat.pickup.minecraft.wooden_axe":1,"stat.mineBlock.minecraft.coal_ore":20,"stat.pickup.chococraft.chocobo_feather":1,"stat.pickup.minecraft.shield":1,"stat.talkedToVillager":12,"stat.pickup.comforts.sleeping_bag":5,"stat.killEntity.rat":4,"stat.sprintOneCm":652103,"stat.craftItem.minecraft.stick":40,"stat.craftItem.minecraft.wooden_axe":1,"stat.pickup.paraglider.paraglider":3,"stat.mineBlock.minecraft.crafting_table":2,"stat.useItem.minecraft.diamond_pickaxe":171,"stat.useItem.minecraft.carrot":19,"stat.useItem.minecraft.wooden_shovel":54,"stat.pickup.chococraft.gysahl_green_seeds":4,"stat.mineBlock.minecraft.planks":271,"stat.drop":12,"stat.useItem.minecraft.wooden_sword":87,"stat.killEntity.Sheep":15,"stat.drop.tombstone.grave_key":1,"stat.pickup.tombstone.grave_key":1,"stat.craftItem.minecraft.diamond_pickaxe":1,"stat.useItem.minecraft.birch_stairs":2,"stat.diveOneCm":86596,"stat.pickup.minecraft.wheat":8,"stat.useItem.minecraft.apple":1,"stat.useItem.minecraft.porkchop":8,"stat.useItem.minetraps.quicksand":1,"stat.jump":5629,"stat.pickup.minecraft.coal":20,"stat.pickup.minecraft.iron_ingot":7,"stat.pickup.minetraps.quicksand":3,"stat.useItem.minecraft.stone_axe":47,"stat.pickup.simpleores.tin_chestplate":1,"stat.craftItem.minecraft.torch":12,"stat.pickup.minecraft.dirt":724,"stat.craftItem.minecraft.iron_helmet":1,"stat.killEntity.blue_archer":1,"stat.pickup.minecraft.iron_ore":15,"stat.craftItem.cfm.desk_cabinet_birch":2,"stat.useItem.minecraft.glass":2,"stat.pickup.minecraft.cookie":4,"stat.mineBlock.minecraft.leaves2":7,"stat.damageTaken":5407,"stat.pickup.minecraft.leather":5,"stat.mineBlock.minecraft.red_flower":2,"stat.mineBlock.minecraft.torch":16,"stat.useItem.minecraft.wooden_pickaxe":19,"stat.useItem.minecraft.acacia_door":2,"stat.pickup.minecraft.log2":303,"stat.pickup.minecraft.bed":8,"stat.craftItem.minecraft.birch_fence":3,"stat.useItem.chisel.glass":234,"stat.useItem.minecraft.birch_fence":2,"stat.pickup.minecraft.potato":44,"stat.damageDealt":6804,"stat.craftItem.minecraft.glass":239,"stat.sleepInBed":16,"stat.pickup.chococraft.gysahl_green":2,"stat.killEntity.Cow":7,"stat.useItem.minecraft.crafting_table":1,"stat.killEntity.Pig":9,"stat.craftItem.minecraft.iron_sword":1,"stat.walkOneCm":1707963,"stat.playerKills":1,"stat.craftItem.minecraft.birch_fence_gate":1,"stat.useItem.tombstone.gift":1,"stat.pickup.minecraft.stone":3,"stat.craftItem.minecraft.iron_chestplate":1,"stat.drop.minecraft.potato":1,"stat.killEntity.wild_dog":18,"stat.useItem.cfm.coffee_table_birch":6,"stat.mobKills":59,"stat.useItem.minecraft.golden_apple":1,"stat.mineBlock.minecraft.leaves":16,"stat.pickup.minecraft.beetroot_seeds":15,"stat.pickup.minecraft.torch":19,"stat.mineBlock.minecraft.stone":107,"stat.useItem.minecraft.sandstone":8}