{"stat.useItem.minecraft.iron_axe":215,"stat.leaveGame":5,"stat.mineBlock.minecraft.cobblestone":10,"stat.mineBlock.minecraft.yellow_flower":1,"stat.craftItem.minecraft.iron_axe":2,"stat.mineBlock.minecraft.sandstone":11,"stat.useItem.minecraft.mutton":29,"stat.swimOneCm":36015,"stat.climbOneCm":636,"stat.useItem.minecraft.planks":826,"stat.pickup.minecraft.porkchop":19,"stat.useItem.minecraft.dirt":80,"stat.useItem.minecraft.stone_slab2":62,"stat.pickup.minecraft.sand":6,"stat.craftItem.minecraft.stone_axe":1,"stat.craftItem.minecraft.stone_pickaxe":1,"stat.pickup.minecraft.cobblestone":106,"stat.flyOneCm":158668,"stat.pickup.minecraft.sandstone":12,"stat.craftItem.minecraft.iron_shovel":1,"stat.mineBlock.minecraft.sand":3,"stat.drop.tombstone.gift":1,"stat.pickup.chisel.chisel_iron":1,"stat.mineBlock.minecraft.iron_ore":10,"stat.timeSinceDeath":2940,"stat.craftItem.minecraft.acacia_door":3,"stat.pickup.minecraft.stained_hardened_clay":1,"stat.craftItem.minecraft.wooden_pickaxe":1,"stat.pickup.minecraft.mutton":32,"stat.useItem.minecraft.iron_shovel":64,"stat.drop.minecraft.wooden_shovel":2,"stat.useItem.minecraft.potato":29,"stat.pickup.minecraft.wooden_axe":1,"stat.mineBlock.chisel.marble2":4,"stat.useItem.minecraft.oak_stairs":3,"stat.pickup.minecraft.wooden_shovel":3,"stat.furnaceInteraction":23,"stat.mineBlock.minecraft.coal_ore":5,"stat.pickup.minecraft.shield":1,"stat.talkedToVillager":12,"stat.pickup.comforts.sleeping_bag":3,"stat.pickup.minecraft.beef":13,"stat.pickup.minecraft.furnace":2,"stat.killEntity.rat":1,"stat.mineBlock.minecraft.stained_hardened_clay":1,"stat.sprintOneCm":276739,"stat.craftItem.minecraft.stick":24,"stat.craftItem.minecraft.wooden_axe":1,"stat.pickup.simpleores.tin_leggings":1,"stat.pickup.paraglider.paraglider":3,"stat.pickup.minecraft.acacia_door":2,"stat.pickup.tombstone.gift":1,"stat.mineBlock.simpleores.tin_ore":14,"stat.mineBlock.minecraft.crafting_table":1,"stat.useItem.minecraft.diamond_pickaxe":133,"stat.useItem.minecraft.carrot":18,"stat.pickup.foodexpansion.itemsquid":1,"stat.useItem.minecraft.wooden_shovel":54,"stat.pickup.chococraft.gysahl_green_seeds":4,"stat.deaths":8,"stat.mineBlock.minecraft.planks":145,"stat.drop":8,"stat.playOneMinute":241099,"stat.useItem.minecraft.wooden_sword":87,"stat.craftItem.minecraft.wooden_shovel":1,"stat.killEntity.Sheep":14,"stat.drop.tombstone.grave_key":1,"stat.pickup.tombstone.grave_key":1,"stat.craftItem.minecraft.diamond_pickaxe":1,"stat.drop.minecraft.iron_ingot":1,"stat.pickup.chisel.marble2":16,"stat.mineBlock.minecraft.tallgrass":279,"stat.diveOneCm":60408,"stat.pickup.minecraft.wheat":8,"stat.chestOpened":32,"stat.useItem.minecraft.apple":1,"stat.useItem.minecraft.porkchop":8,"stat.useItem.minetraps.quicksand":1,"stat.jump":3253,"stat.pickup.minecraft.coal":5,"stat.fallOneCm":74467,"stat.pickup.minecraft.iron_ingot":7,"stat.pickup.minetraps.quicksand":3,"stat.pickup.simpleores.tin_ore":13,"stat.pickup.minecraft.carrot":20,"stat.useItem.minecraft.stone_axe":47,"stat.crouchOneCm":12167,"stat.pickup.simpleores.tin_chestplate":1,"stat.craftItem.minecraft.chest":4,"stat.craftItem.minecraft.iron_ingot":7,"stat.pickup.minecraft.dirt":140,"stat.craftingTableInteraction":34,"stat.pickup.minecraft.iron_ore":10,"stat.useItem.minecraft.glass":2,"stat.mineBlock.minecraft.leaves2":5,"stat.mineBlock.minecraft.log2":238,"stat.damageTaken":3365,"stat.pickup.minecraft.leather":5,"stat.mineBlock.minecraft.red_flower":2,"stat.mineBlock.minecraft.torch":8,"stat.useItem.minecraft.wooden_pickaxe":19,"stat.useItem.minecraft.furnace":1,"stat.useItem.minecraft.acacia_door":2,"stat.craftItem.minecraft.wooden_sword":1,"stat.pickup.minecraft.log2":179,"stat.pickup.minecraft.planks":256,"stat.pickup.minecraft.bed":6,"stat.pickup.minecraft.wheat_seeds":60,"stat.useItem.chisel.glass":56,"stat.pickup.minecraft.potato":44,"stat.useItem.minecraft.stone_pickaxe":18,"stat.mineBlock.minecraft.glass":2,"stat.damageDealt":4809,"stat.craftItem.minecraft.glass":75,"stat.useItem.minecraft.wool":2,"stat.sleepInBed":9,"stat.pickup.chococraft.gysahl_green":2,"stat.craftItem.minecraft.oak_stairs":4,"stat.killEntity.Cow":7,"stat.mineBlock.xlfoodmod.grass":1,"stat.useItem.minecraft.crafting_table":1,"stat.mineBlock.minecraft.dirt":142,"stat.killEntity.Pig":9,"stat.craftItem.minecraft.iron_sword":1,"stat.walkOneCm":900523,"stat.useItem.minecraft.torch":10,"stat.playerKills":1,"stat.pickup.minecraft.crafting_table":1,"stat.craftItem.minecraft.crafting_table":6,"stat.mineBlock.minecraft.double_plant":16,"stat.pickup.minecraft.log":55,"stat.useItem.tombstone.gift":1,"stat.pickup.minecraft.stone":3,"stat.drop.minecraft.planks":1,"stat.drop.minecraft.potato":1,"stat.pickup.minecraft.sapling":43,"stat.mineBlock.chisel.glass":4,"stat.pickup.minecraft.apple":2,"stat.pickup.minecraft.beetroot":7,"stat.killEntity.wild_dog":5,"stat.craftItem.minecraft.planks":820,"stat.useItem.minecraft.iron_sword":168,"stat.mobKills":39,"stat.drop.paraglider.paraglider":1,"stat.mineBlock.minecraft.log":72,"stat.craftItem.minecraft.wooden_door":3,"stat.useItem.carryon.entity_item":9,"stat.useItem.minecraft.wooden_door":2,"stat.useItem.minecraft.golden_apple":1,"stat.mineBlock.minecraft.leaves":11,"stat.pickup.minecraft.beetroot_seeds":15,"stat.pickup.minecraft.torch":11,"stat.pickup.minecraft.red_flower":1,"stat.sneakTime":1842,"stat.pickup.minecraft.wool":14,"stat.useItem.minecraft.wooden_axe":141,"stat.pickup.minecraft.yellow_flower":1,"stat.mineBlock.minecraft.stone":107,"stat.useItem.minecraft.sandstone":8}