{"stat.chestOpened":4,"stat.mineBlock.minecraft.cobblestone":10,"stat.mineBlock.minecraft.yellow_flower":1,"stat.useItem.minecraft.apple":1,"stat.useItem.minecraft.porkchop":8,"stat.mineBlock.minecraft.sandstone":11,"stat.useItem.minecraft.mutton":22,"stat.jump":534,"stat.swimOneCm":2349,"stat.pickup.minecraft.coal":2,"stat.fallOneCm":9371,"stat.climbOneCm":636,"stat.pickup.minecraft.carrot":20,"stat.pickup.minecraft.porkchop":8,"stat.crouchOneCm":5315,"stat.pickup.minecraft.dirt":2,"stat.useItem.minecraft.stone_slab2":9,"stat.craftingTableInteraction":2,"stat.damageTaken":825,"stat.craftItem.minecraft.stone_pickaxe":1,"stat.useItem.minecraft.wooden_pickaxe":18,"stat.pickup.minecraft.cobblestone":15,"stat.craftItem.minecraft.wooden_sword":1,"stat.flyOneCm":27426,"stat.pickup.minecraft.bed":2,"stat.pickup.minecraft.sandstone":11,"stat.pickup.minecraft.wheat_seeds":43,"stat.pickup.minecraft.potato":43,"stat.drop.tombstone.gift":1,"stat.useItem.minecraft.stone_pickaxe":12,"stat.damageDealt":2116,"stat.useItem.minecraft.wool":2,"stat.sleepInBed":2,"stat.timeSinceDeath":36810,"stat.useItem.minecraft.crafting_table":1,"stat.mineBlock.minecraft.dirt":3,"stat.pickup.minecraft.stained_hardened_clay":1,"stat.killEntity.Pig":4,"stat.craftItem.minecraft.wooden_pickaxe":1,"stat.pickup.minecraft.mutton":31,"stat.walkOneCm":209530,"stat.playerKills":1,"stat.pickup.minecraft.wooden_axe":1,"stat.craftItem.minecraft.crafting_table":2,"stat.mineBlock.minecraft.double_plant":5,"stat.mineBlock.minecraft.coal_ore":2,"stat.talkedToVillager":10,"stat.pickup.minecraft.log":35,"stat.pickup.comforts.sleeping_bag":1,"stat.useItem.tombstone.gift":1,"stat.killEntity.rat":1,"stat.pickup.minecraft.sapling":8,"stat.mineBlock.minecraft.stained_hardened_clay":1,"stat.sprintOneCm":51925,"stat.pickup.minecraft.apple":2,"stat.craftItem.minecraft.stick":8,"stat.craftItem.minecraft.wooden_axe":1,"stat.pickup.minecraft.beetroot":7,"stat.killEntity.wild_dog":2,"stat.pickup.tombstone.gift":1,"stat.craftItem.minecraft.planks":100,"stat.mobKills":19,"stat.mineBlock.minecraft.log":37,"stat.useItem.carryon.entity_item":9,"stat.deaths":1,"stat.drop":2,"stat.mineBlock.minecraft.leaves":4,"stat.pickup.minecraft.beetroot_seeds":15,"stat.playOneMinute":42126,"stat.useItem.minecraft.wooden_sword":87,"stat.killEntity.Sheep":14,"stat.drop.tombstone.grave_key":1,"stat.pickup.tombstone.grave_key":1,"stat.sneakTime":878,"stat.pickup.minecraft.wool":14,"stat.useItem.minecraft.wooden_axe":131,"stat.pickup.minecraft.yellow_flower":1,"stat.mineBlock.minecraft.stone":6,"stat.mineBlock.minecraft.tallgrass":72,"stat.diveOneCm":3886,"stat.pickup.minecraft.wheat":8,"stat.useItem.minecraft.sandstone":8}