{"stat.leaveGame":11,"stat.craftItem.minecraft.iron_axe":4,"stat.pickup.cfm.table_acacia":1,"stat.mineBlock.minecraft.sandstone":21,"stat.useItem.minecraft.mutton":29,"stat.useItem.minecraft.planks":1689,"stat.pickup.minecraft.porkchop":32,"stat.drop.minecraft.iron_sword":2,"stat.useItem.minecraft.water_bucket":15,"stat.pickup.minecraft.sand":177,"stat.craftItem.minecraft.stone_axe":2,"stat.pickup.animalium.wild_dog_pelt":3,"stat.mineBlock.cfm.chair_acacia":2,"stat.mineBlock.cfm.table_acacia":1,"stat.craftItem.minecraft.iron_shovel":4,"stat.mineBlock.minecraft.sand":185,"stat.drop.tombstone.gift":1,"stat.mineBlock.cfm.coffee_table_birch":8,"stat.pickup.chisel.chisel_iron":3,"stat.pickup.minecraft.stained_hardened_clay":3,"stat.craftItem.minecraft.wooden_pickaxe":1,"stat.useItem.minecraft.iron_shovel":1186,"stat.craftItem.minecraft.birch_door":3,"stat.drop.minecraft.wooden_shovel":2,"stat.craftItem.cfm.coffee_table_birch":4,"stat.mineBlock.chisel.marble2":4,"stat.useItem.minecraft.oak_stairs":3,"stat.pickup.minecraft.wooden_shovel":3,"stat.furnaceInteraction":55,"stat.mineBlock.minecraft.birch_stairs":5,"stat.pickup.minecraft.beef":26,"stat.pickup.minecraft.furnace":2,"stat.mineBlock.minecraft.stained_hardened_clay":3,"stat.pickup.minecraft.iron_chestplate":1,"stat.pickup.simpleores.tin_leggings":1,"stat.pickup.minecraft.acacia_door":2,"stat.useItem.minecraft.acacia_fence":88,"stat.pickup.tombstone.gift":1,"stat.mineBlock.simpleores.tin_ore":14,"stat.pickup.foodexpansion.itemsquid":1,"stat.deaths":14,"stat.playOneMinute":529260,"stat.craftItem.minecraft.wooden_shovel":1,"stat.pickup.minecraft.birch_door":2,"stat.drop.minecraft.iron_ingot":1,"stat.pickup.chisel.marble2":16,"stat.mineBlock.minecraft.tallgrass":362,"stat.chestOpened":69,"stat.killEntity.betteranimalsplus.goose":1,"stat.pickup.minecraft.iron_sword":3,"stat.useItem.cfm.chair_acacia":1,"stat.useItem.malisisdoors.shoji_door":1,"stat.fallOneCm":146051,"stat.pickup.simpleores.tin_ore":13,"stat.pickup.minecraft.carrot":20,"stat.crouchOneCm":12634,"stat.craftItem.minecraft.chest":7,"stat.craftItem.minecraft.iron_ingot":12,"stat.craftingTableInteraction":101,"stat.mineBlock.minecraft.log2":479,"stat.useItem.minecraft.furnace":1,"stat.craftItem.minecraft.wooden_sword":1,"stat.pickup.minecraft.planks":461,"stat.pickup.minecraft.wheat_seeds":71,"stat.useItem.minecraft.stone_pickaxe":18,"stat.craftItem.minecraft.birch_stairs":64,"stat.mineBlock.minecraft.glass":2,"stat.craftItem.minecraft.iron_leggings":1,"stat.useItem.minecraft.wool":2,"stat.craftItem.cfm.chair_acacia":4,"stat.craftItem.minecraft.oak_stairs":4,"stat.mineBlock.xlfoodmod.grass":1,"stat.mineBlock.minecraft.dirt":1068,"stat.useItem.minecraft.torch":26,"stat.pickup.minecraft.crafting_table":2,"stat.craftItem.minecraft.crafting_table":6,"stat.mineBlock.minecraft.double_plant":17,"stat.pickup.minecraft.log":191,"stat.drop.minecraft.planks":2,"stat.pickup.minecraft.sapling":113,"stat.mineBlock.chisel.glass":16,"stat.pickup.minecraft.apple":3,"stat.useItem.minecraft.birch_door":1,"stat.pickup.minecraft.beetroot":7,"stat.craftItem.minecraft.bucket":1,"stat.craftItem.minecraft.planks":2024,"stat.useItem.minecraft.iron_sword":261,"stat.pickup.cfm.chair_acacia":2,"stat.drop.paraglider.paraglider":1,"stat.pickup.cfm.coffee_table_birch":8,"stat.mineBlock.minecraft.log":221,"stat.craftItem.minecraft.wooden_door":3,"stat.useItem.carryon.entity_item":9,"stat.useItem.minecraft.wooden_door":2,"stat.pickup.minecraft.red_flower":1,"stat.sneakTime":2059,"stat.pickup.minecraft.wool":15,"stat.useItem.minecraft.wooden_axe":141,"stat.pickup.minecraft.yellow_flower":4,"stat.pickup.minecraft.bone":2,"stat.horseOneCm":1028,"stat.useItem.minecraft.iron_axe":459,"stat.mineBlock.minecraft.cobblestone":10,"stat.pickup.minecraft.stone_pickaxe":1,"stat.mineBlock.minecraft.yellow_flower":1,"stat.mineBlock.minecraft.acacia_fence":4,"stat.craftItem.minecraft.acacia_fence_gate":1,"stat.swimOneCm":81008,"stat.climbOneCm":636,"stat.useItem.minecraft.dirt":606,"stat.killEntity.betteranimalsplus.boar":1,"stat.useItem.minecraft.stone_slab2":144,"stat.pickup.minecraft.iron_boots":1,"stat.craftItem.minecraft.furnace":1,"stat.craftItem.minecraft.iron_boots":1,"stat.craftItem.minecraft.stone_pickaxe":1,"stat.pickup.minecraft.cobblestone":106,"stat.drop.chisel.chisel_iron":1,"stat.flyOneCm":338576,"stat.pickup.minecraft.sandstone":22,"stat.pickup.malisisdoors.shoji_door":2,"stat.useItem.minecraft.cooked_beef":24,"stat.mineBlock.minecraft.iron_ore":15,"stat.timeSinceDeath":8899,"stat.craftItem.minecraft.acacia_door":3,"stat.pickup.minecraft.mutton":35,"stat.useItem.minecraft.potato":35,"stat.craftItem.cfm.table_acacia":2,"stat.pickup.minecraft.wooden_axe":1,"stat.pickup.minecraft.iron_shovel":2,"stat.mineBlock.minecraft.coal_ore":20,"stat.pickup.chococraft.chocobo_feather":1,"stat.craftItem.minecraft.acacia_fence":90,"stat.pickup.minecraft.shield":2,"stat.talkedToVillager":12,"stat.pickup.comforts.sleeping_bag":6,"stat.killEntity.rat":4,"stat.pickup.minecraft.birch_stairs":5,"stat.sprintOneCm":824881,"stat.craftItem.minecraft.stick":108,"stat.craftItem.minecraft.wooden_axe":1,"stat.pickup.paraglider.paraglider":4,"stat.mineBlock.minecraft.crafting_table":2,"stat.useItem.minecraft.diamond_pickaxe":177,"stat.useItem.minecraft.carrot":19,"stat.useItem.minecraft.wooden_shovel":54,"stat.pickup.chococraft.gysahl_green_seeds":4,"stat.mineBlock.minecraft.planks":291,"stat.drop":13,"stat.useItem.minecraft.wooden_sword":87,"stat.killEntity.Sheep":15,"stat.drop.tombstone.grave_key":1,"stat.pickup.tombstone.grave_key":1,"stat.craftItem.minecraft.diamond_pickaxe":1,"stat.useItem.minecraft.birch_stairs":66,"stat.diveOneCm":97795,"stat.pickup.minecraft.wheat":8,"stat.pickup.minecraft.stone_axe":1,"stat.useItem.minecraft.apple":1,"stat.pickup.minecraft.obsidian":2,"stat.useItem.minecraft.porkchop":8,"stat.useItem.minetraps.quicksand":1,"stat.pickup.xlfoodmod.onion":2,"stat.jump":6518,"stat.pickup.minecraft.coal":27,"stat.pickup.minecraft.iron_helmet":1,"stat.pickup.minecraft.iron_ingot":13,"stat.pickup.minetraps.quicksand":3,"stat.useItem.minecraft.stone_axe":72,"stat.pickup.simpleores.tin_chestplate":1,"stat.craftItem.minecraft.torch":12,"stat.pickup.minecraft.dirt":1247,"stat.craftItem.minecraft.iron_helmet":1,"stat.killEntity.blue_archer":1,"stat.pickup.minecraft.iron_ore":15,"stat.craftItem.cfm.desk_cabinet_birch":2,"stat.useItem.minecraft.glass":2,"stat.pickup.minecraft.cookie":9,"stat.mineBlock.minecraft.leaves2":7,"stat.damageTaken":6422,"stat.pickup.minecraft.leather":5,"stat.mineBlock.minecraft.red_flower":2,"stat.mineBlock.minecraft.torch":16,"stat.useItem.minecraft.wooden_pickaxe":19,"stat.useItem.minecraft.acacia_door":2,"stat.pickup.minecraft.log2":361,"stat.pickup.minecraft.bed":8,"stat.craftItem.minecraft.birch_fence":3,"stat.useItem.chisel.glass":234,"stat.useItem.minecraft.birch_fence":2,"stat.pickup.minecraft.acacia_fence":3,"stat.pickup.minecraft.potato":53,"stat.damageDealt":7532,"stat.craftItem.minecraft.glass":239,"stat.sleepInBed":18,"stat.pickup.chococraft.gysahl_green":2,"stat.killEntity.Cow":7,"stat.useItem.minecraft.crafting_table":1,"stat.killEntity.Pig":9,"stat.craftItem.minecraft.iron_sword":1,"stat.walkOneCm":1972737,"stat.playerKills":1,"stat.pickup.minecraft.diamond_pickaxe":1,"stat.killEntity.magma_monster":1,"stat.craftItem.minecraft.birch_fence_gate":1,"stat.useItem.tombstone.gift":1,"stat.pickup.minecraft.stone":3,"stat.craftItem.minecraft.iron_chestplate":1,"stat.pickup.minecraft.baked_potato":1,"stat.drop.minecraft.potato":1,"stat.pickup.minecraft.cooked_beef":8,"stat.killEntity.wild_dog":22,"stat.drop.minecraft.cookie":1,"stat.useItem.cfm.coffee_table_birch":6,"stat.mobKills":64,"stat.useItem.minecraft.golden_apple":1,"stat.mineBlock.minecraft.leaves":16,"stat.pickup.minecraft.beetroot_seeds":15,"stat.pickup.minecraft.torch":19,"stat.mineBlock.minecraft.stone":107,"stat.useItem.minecraft.sandstone":8}