{"stat.chestOpened":5,"stat.mineBlock.minecraft.cobblestone":10,"stat.mineBlock.minecraft.yellow_flower":1,"stat.useItem.minecraft.apple":1,"stat.useItem.minecraft.porkchop":8,"stat.mineBlock.minecraft.sandstone":11,"stat.useItem.minecraft.mutton":25,"stat.jump":624,"stat.swimOneCm":2457,"stat.pickup.minecraft.coal":2,"stat.fallOneCm":10475,"stat.climbOneCm":636,"stat.pickup.minetraps.quicksand":2,"stat.pickup.minecraft.carrot":20,"stat.pickup.minecraft.porkchop":8,"stat.crouchOneCm":6387,"stat.pickup.minecraft.dirt":2,"stat.useItem.minecraft.stone_slab2":13,"stat.craftingTableInteraction":6,"stat.pickup.minecraft.sand":1,"stat.craftItem.minecraft.stone_axe":1,"stat.damageTaken":910,"stat.craftItem.minecraft.stone_pickaxe":1,"stat.useItem.minecraft.wooden_pickaxe":18,"stat.pickup.minecraft.cobblestone":15,"stat.craftItem.minecraft.wooden_sword":1,"stat.flyOneCm":33500,"stat.pickup.minecraft.bed":2,"stat.pickup.minecraft.sandstone":11,"stat.pickup.minecraft.wheat_seeds":43,"stat.pickup.minecraft.potato":43,"stat.drop.tombstone.gift":1,"stat.useItem.minecraft.stone_pickaxe":18,"stat.damageDealt":2459,"stat.useItem.minecraft.wool":2,"stat.sleepInBed":3,"stat.timeSinceDeath":48510,"stat.useItem.minecraft.crafting_table":1,"stat.mineBlock.minecraft.dirt":3,"stat.pickup.minecraft.stained_hardened_clay":1,"stat.killEntity.Pig":4,"stat.craftItem.minecraft.wooden_pickaxe":1,"stat.pickup.minecraft.mutton":31,"stat.craftItem.minecraft.iron_sword":1,"stat.walkOneCm":261076,"stat.playerKills":1,"stat.useItem.minecraft.potato":10,"stat.pickup.minecraft.wooden_axe":1,"stat.pickup.minecraft.crafting_table":1,"stat.craftItem.minecraft.crafting_table":3,"stat.mineBlock.minecraft.double_plant":5,"stat.mineBlock.minecraft.coal_ore":2,"stat.talkedToVillager":11,"stat.pickup.minecraft.log":35,"stat.pickup.comforts.sleeping_bag":1,"stat.useItem.tombstone.gift":1,"stat.killEntity.rat":1,"stat.pickup.minecraft.sapling":8,"stat.mineBlock.minecraft.stained_hardened_clay":1,"stat.sprintOneCm":76489,"stat.pickup.minecraft.apple":2,"stat.craftItem.minecraft.stick":12,"stat.craftItem.minecraft.wooden_axe":1,"stat.pickup.minecraft.beetroot":7,"stat.killEntity.wild_dog":2,"stat.pickup.tombstone.gift":1,"stat.craftItem.minecraft.planks":100,"stat.mineBlock.minecraft.crafting_table":1,"stat.mobKills":19,"stat.mineBlock.minecraft.log":37,"stat.useItem.carryon.entity_item":9,"stat.useItem.minecraft.golden_apple":1,"stat.deaths":1,"stat.drop":2,"stat.mineBlock.minecraft.leaves":4,"stat.pickup.minecraft.beetroot_seeds":15,"stat.playOneMinute":53826,"stat.useItem.minecraft.wooden_sword":87,"stat.killEntity.Sheep":14,"stat.drop.tombstone.grave_key":1,"stat.pickup.tombstone.grave_key":1,"stat.sneakTime":1006,"stat.pickup.minecraft.wool":14,"stat.craftItem.minecraft.diamond_pickaxe":1,"stat.useItem.minecraft.wooden_axe":141,"stat.pickup.minecraft.yellow_flower":1,"stat.mineBlock.minecraft.stone":6,"stat.mineBlock.minecraft.tallgrass":72,"stat.diveOneCm":4572,"stat.pickup.minecraft.wheat":8,"stat.useItem.minecraft.sandstone":8}