{"stat.chestOpened":9,"stat.mineBlock.minecraft.cobblestone":10,"stat.mineBlock.minecraft.yellow_flower":1,"stat.useItem.minecraft.apple":1,"stat.useItem.minecraft.porkchop":8,"stat.useItem.minetraps.quicksand":1,"stat.mineBlock.minecraft.sandstone":11,"stat.useItem.minecraft.mutton":29,"stat.jump":1263,"stat.swimOneCm":13055,"stat.pickup.minecraft.coal":2,"stat.fallOneCm":19613,"stat.climbOneCm":636,"stat.useItem.minecraft.planks":76,"stat.pickup.minetraps.quicksand":2,"stat.pickup.simpleores.tin_ore":8,"stat.pickup.minecraft.carrot":20,"stat.useItem.minecraft.stone_axe":12,"stat.pickup.minecraft.porkchop":11,"stat.crouchOneCm":8011,"stat.craftItem.minecraft.chest":1,"stat.pickup.minecraft.dirt":5,"stat.useItem.minecraft.stone_slab2":19,"stat.craftingTableInteraction":9,"stat.pickup.minecraft.sand":6,"stat.craftItem.minecraft.stone_axe":1,"stat.mineBlock.minecraft.log2":18,"stat.damageTaken":1040,"stat.pickup.minecraft.leather":5,"stat.craftItem.minecraft.stone_pickaxe":1,"stat.mineBlock.minecraft.red_flower":2,"stat.useItem.minecraft.wooden_pickaxe":19,"stat.pickup.minecraft.cobblestone":16,"stat.craftItem.minecraft.wooden_sword":1,"stat.pickup.minecraft.log2":12,"stat.pickup.minecraft.planks":4,"stat.flyOneCm":50942,"stat.pickup.minecraft.bed":3,"stat.pickup.minecraft.sandstone":11,"stat.pickup.minecraft.wheat_seeds":45,"stat.mineBlock.minecraft.sand":3,"stat.pickup.minecraft.potato":43,"stat.drop.tombstone.gift":1,"stat.useItem.minecraft.stone_pickaxe":18,"stat.damageDealt":3304,"stat.useItem.minecraft.wool":2,"stat.sleepInBed":4,"stat.timeSinceDeath":85410,"stat.pickup.chococraft.gysahl_green":1,"stat.killEntity.Cow":7,"stat.useItem.minecraft.crafting_table":1,"stat.mineBlock.minecraft.dirt":20,"stat.pickup.minecraft.stained_hardened_clay":1,"stat.killEntity.Pig":5,"stat.craftItem.minecraft.wooden_pickaxe":1,"stat.pickup.minecraft.mutton":31,"stat.craftItem.minecraft.iron_sword":1,"stat.walkOneCm":379597,"stat.drop.minecraft.wooden_shovel":2,"stat.playerKills":1,"stat.useItem.minecraft.potato":16,"stat.pickup.minecraft.wooden_axe":1,"stat.pickup.minecraft.crafting_table":1,"stat.pickup.minecraft.wooden_shovel":2,"stat.craftItem.minecraft.crafting_table":4,"stat.furnaceInteraction":1,"stat.mineBlock.minecraft.double_plant":11,"stat.mineBlock.minecraft.coal_ore":2,"stat.talkedToVillager":12,"stat.pickup.minecraft.log":35,"stat.pickup.comforts.sleeping_bag":2,"stat.pickup.minecraft.beef":13,"stat.useItem.tombstone.gift":1,"stat.killEntity.rat":1,"stat.pickup.minecraft.sapling":8,"stat.mineBlock.minecraft.stained_hardened_clay":1,"stat.sprintOneCm":127513,"stat.pickup.minecraft.apple":2,"stat.craftItem.minecraft.stick":16,"stat.craftItem.minecraft.wooden_axe":1,"stat.pickup.minecraft.beetroot":7,"stat.killEntity.wild_dog":2,"stat.pickup.tombstone.gift":1,"stat.craftItem.minecraft.planks":140,"stat.useItem.minecraft.iron_sword":70,"stat.mineBlock.simpleores.tin_ore":8,"stat.mineBlock.minecraft.crafting_table":1,"stat.useItem.minecraft.diamond_pickaxe":13,"stat.useItem.minecraft.wooden_shovel":12,"stat.mobKills":27,"stat.mineBlock.minecraft.log":37,"stat.pickup.chococraft.gysahl_green_seeds":3,"stat.useItem.carryon.entity_item":9,"stat.useItem.minecraft.golden_apple":1,"stat.deaths":1,"stat.mineBlock.minecraft.planks":4,"stat.drop":4,"stat.mineBlock.minecraft.leaves":7,"stat.pickup.minecraft.beetroot_seeds":15,"stat.playOneMinute":90726,"stat.useItem.minecraft.wooden_sword":87,"stat.craftItem.minecraft.wooden_shovel":1,"stat.killEntity.Sheep":14,"stat.drop.tombstone.grave_key":1,"stat.pickup.minecraft.red_flower":1,"stat.pickup.tombstone.grave_key":1,"stat.sneakTime":1228,"stat.pickup.minecraft.wool":14,"stat.craftItem.minecraft.diamond_pickaxe":1,"stat.useItem.minecraft.wooden_axe":141,"stat.pickup.minecraft.yellow_flower":1,"stat.mineBlock.minecraft.stone":11,"stat.mineBlock.minecraft.tallgrass":93,"stat.diveOneCm":18401,"stat.pickup.minecraft.wheat":8,"stat.useItem.minecraft.sandstone":8}