{"stat.walkOneCm":94385,"stat.playerKills":1,"stat.pickup.minecraft.wooden_axe":1,"stat.craftItem.minecraft.crafting_table":2,"stat.mineBlock.minecraft.yellow_flower":1,"stat.mineBlock.minecraft.double_plant":3,"stat.useItem.minecraft.apple":1,"stat.mineBlock.minecraft.coal_ore":2,"stat.useItem.minecraft.porkchop":3,"stat.pickup.minecraft.log":29,"stat.useItem.minecraft.mutton":13,"stat.pickup.comforts.sleeping_bag":1,"stat.jump":292,"stat.swimOneCm":385,"stat.pickup.minecraft.coal":2,"stat.fallOneCm":7139,"stat.useItem.tombstone.gift":1,"stat.pickup.minecraft.porkchop":8,"stat.killEntity.rat":1,"stat.crouchOneCm":3009,"stat.pickup.minecraft.sapling":8,"stat.pickup.minecraft.dirt":2,"stat.sprintOneCm":27726,"stat.useItem.minecraft.stone_slab2":3,"stat.pickup.minecraft.apple":2,"stat.craftItem.minecraft.stick":8,"stat.craftingTableInteraction":1,"stat.pickup.tombstone.gift":1,"stat.craftItem.minecraft.planks":100,"stat.damageTaken":435,"stat.useItem.minecraft.wooden_pickaxe":8,"stat.mobKills":9,"stat.pickup.minecraft.cobblestone":6,"stat.craftItem.minecraft.wooden_sword":1,"stat.mineBlock.minecraft.log":31,"stat.useItem.carryon.entity_item":9,"stat.flyOneCm":18293,"stat.pickup.minecraft.bed":2,"stat.deaths":1,"stat.pickup.minecraft.wheat_seeds":5,"stat.drop":1,"stat.mineBlock.minecraft.leaves":4,"stat.playOneMinute":20712,"stat.drop.tombstone.gift":1,"stat.useItem.minecraft.wooden_sword":47,"stat.killEntity.Sheep":4,"stat.sneakTime":544,"stat.pickup.minecraft.wool":4,"stat.damageDealt":1015,"stat.timeSinceDeath":15396,"stat.useItem.minecraft.wooden_axe":18,"stat.pickup.minecraft.yellow_flower":1,"stat.useItem.minecraft.crafting_table":1,"stat.mineBlock.minecraft.dirt":3,"stat.killEntity.Pig":4,"stat.craftItem.minecraft.wooden_pickaxe":1,"stat.mineBlock.minecraft.stone":6,"stat.mineBlock.minecraft.tallgrass":58,"stat.pickup.minecraft.mutton":16,"stat.diveOneCm":418}