{"stat.useItem.minecraft.iron_axe":97,"stat.leaveGame":2,"stat.mineBlock.minecraft.cobblestone":10,"stat.mineBlock.minecraft.yellow_flower":1,"stat.craftItem.minecraft.iron_axe":1,"stat.mineBlock.minecraft.sandstone":11,"stat.useItem.minecraft.mutton":29,"stat.swimOneCm":30993,"stat.climbOneCm":636,"stat.useItem.minecraft.planks":395,"stat.pickup.minecraft.porkchop":19,"stat.useItem.minecraft.dirt":13,"stat.useItem.minecraft.stone_slab2":28,"stat.pickup.minecraft.sand":6,"stat.craftItem.minecraft.stone_axe":1,"stat.craftItem.minecraft.stone_pickaxe":1,"stat.pickup.minecraft.cobblestone":24,"stat.flyOneCm":97948,"stat.pickup.minecraft.sandstone":11,"stat.mineBlock.minecraft.sand":3,"stat.drop.tombstone.gift":1,"stat.mineBlock.minecraft.iron_ore":10,"stat.timeSinceDeath":9857,"stat.pickup.minecraft.stained_hardened_clay":1,"stat.craftItem.minecraft.wooden_pickaxe":1,"stat.pickup.minecraft.mutton":31,"stat.drop.minecraft.wooden_shovel":2,"stat.useItem.minecraft.potato":29,"stat.pickup.minecraft.wooden_axe":1,"stat.mineBlock.chisel.marble2":4,"stat.useItem.minecraft.oak_stairs":3,"stat.pickup.minecraft.wooden_shovel":2,"stat.furnaceInteraction":5,"stat.mineBlock.minecraft.coal_ore":5,"stat.talkedToVillager":12,"stat.pickup.comforts.sleeping_bag":3,"stat.pickup.minecraft.beef":13,"stat.killEntity.rat":1,"stat.mineBlock.minecraft.stained_hardened_clay":1,"stat.sprintOneCm":216656,"stat.craftItem.minecraft.stick":20,"stat.craftItem.minecraft.wooden_axe":1,"stat.pickup.paraglider.paraglider":1,"stat.pickup.tombstone.gift":1,"stat.mineBlock.simpleores.tin_ore":14,"stat.mineBlock.minecraft.crafting_table":1,"stat.useItem.minecraft.diamond_pickaxe":47,"stat.pickup.foodexpansion.itemsquid":1,"stat.useItem.minecraft.wooden_shovel":25,"stat.pickup.chococraft.gysahl_green_seeds":3,"stat.deaths":5,"stat.mineBlock.minecraft.planks":105,"stat.drop":5,"stat.playOneMinute":140447,"stat.useItem.minecraft.wooden_sword":87,"stat.craftItem.minecraft.wooden_shovel":1,"stat.killEntity.Sheep":14,"stat.drop.tombstone.grave_key":1,"stat.pickup.tombstone.grave_key":1,"stat.craftItem.minecraft.diamond_pickaxe":1,"stat.pickup.chisel.marble2":3,"stat.mineBlock.minecraft.tallgrass":124,"stat.diveOneCm":24611,"stat.pickup.minecraft.wheat":8,"stat.chestOpened":11,"stat.useItem.minecraft.apple":1,"stat.useItem.minecraft.porkchop":8,"stat.useItem.minetraps.quicksand":1,"stat.jump":2195,"stat.pickup.minecraft.coal":5,"stat.fallOneCm":45173,"stat.pickup.minecraft.iron_ingot":7,"stat.pickup.minetraps.quicksand":2,"stat.pickup.simpleores.tin_ore":13,"stat.pickup.minecraft.carrot":20,"stat.useItem.minecraft.stone_axe":47,"stat.crouchOneCm":9552,"stat.craftItem.minecraft.chest":1,"stat.craftItem.minecraft.iron_ingot":7,"stat.pickup.minecraft.dirt":30,"stat.craftingTableInteraction":17,"stat.pickup.minecraft.iron_ore":10,"stat.mineBlock.minecraft.log2":81,"stat.damageTaken":1849,"stat.pickup.minecraft.leather":5,"stat.mineBlock.minecraft.red_flower":2,"stat.mineBlock.minecraft.torch":8,"stat.useItem.minecraft.wooden_pickaxe":19,"stat.craftItem.minecraft.wooden_sword":1,"stat.pickup.minecraft.log2":67,"stat.pickup.minecraft.planks":100,"stat.pickup.minecraft.bed":3,"stat.pickup.minecraft.wheat_seeds":47,"stat.pickup.minecraft.potato":44,"stat.useItem.minecraft.stone_pickaxe":18,"stat.damageDealt":4040,"stat.useItem.minecraft.wool":2,"stat.sleepInBed":5,"stat.pickup.chococraft.gysahl_green":1,"stat.craftItem.minecraft.oak_stairs":4,"stat.killEntity.Cow":7,"stat.mineBlock.xlfoodmod.grass":1,"stat.useItem.minecraft.crafting_table":1,"stat.mineBlock.minecraft.dirt":45,"stat.killEntity.Pig":9,"stat.craftItem.minecraft.iron_sword":1,"stat.walkOneCm":531016,"stat.useItem.minecraft.torch":8,"stat.playerKills":1,"stat.pickup.minecraft.crafting_table":1,"stat.craftItem.minecraft.crafting_table":4,"stat.mineBlock.minecraft.double_plant":11,"stat.pickup.minecraft.log":55,"stat.useItem.tombstone.gift":1,"stat.pickup.minecraft.stone":3,"stat.drop.minecraft.potato":1,"stat.pickup.minecraft.sapling":23,"stat.pickup.minecraft.apple":2,"stat.pickup.minecraft.beetroot":7,"stat.killEntity.wild_dog":3,"stat.craftItem.minecraft.planks":440,"stat.useItem.minecraft.iron_sword":118,"stat.mobKills":32,"stat.mineBlock.minecraft.log":67,"stat.useItem.carryon.entity_item":9,"stat.useItem.minecraft.golden_apple":1,"stat.mineBlock.minecraft.leaves":10,"stat.pickup.minecraft.beetroot_seeds":15,"stat.pickup.minecraft.torch":11,"stat.pickup.minecraft.red_flower":1,"stat.sneakTime":1435,"stat.pickup.minecraft.wool":14,"stat.useItem.minecraft.wooden_axe":141,"stat.pickup.minecraft.yellow_flower":1,"stat.mineBlock.minecraft.stone":22,"stat.useItem.minecraft.sandstone":8}