{"stat.drop.minecraft.mutton":11,"stat.pickup.minecraft.gravel":1,"stat.leaveGame":2,"stat.useItem.minecraft.chicken":1,"stat.pickup.minecraft.flint":1,"stat.useItem.minecraft.apple":2,"stat.pickup.minecraft.obsidian":1,"stat.useItem.minecraft.porkchop":3,"stat.useItem.minecraft.mutton":19,"stat.useItem.malisisdoors.forcefielditem":12,"stat.jump":1171,"stat.swimOneCm":10403,"stat.fallOneCm":22907,"stat.pickup.minecraft.porkchop":3,"stat.crouchOneCm":2313,"stat.pickup.minecraft.dirt":3,"stat.useItem.minecraft.dirt":2,"stat.useItem.minecraft.stone_slab2":33,"stat.craftItem.comforts.sleeping_bag":2,"stat.useItem.ancientbeasts.rifted_pearl":2,"stat.craftingTableInteraction":5,"stat.damageTaken":1072,"stat.pickup.animalium.wild_dog_pelt":1,"stat.pickup.minecraft.dye":1,"stat.flyOneCm":756844,"stat.pickup.minecraft.bed":2,"stat.useItem.securitycraft.bucket_f_lava":6,"stat.useItem.minecraft.ender_pearl":1,"stat.pickup.minecraft.wheat_seeds":5,"stat.useItem.securitycraft.bucket_f_water":6,"stat.damageDealt":6678,"stat.useItem.mowziesmobs.spawn_egg":3,"stat.sleepInBed":1,"stat.timeSinceDeath":24754,"stat.useItem.medieval_craft.creativesword":3,"stat.useItem.mowziesmobs.wrought_axe":9,"stat.killEntity.Cow":2,"stat.mineBlock.minecraft.dirt":2,"stat.killEntity.Pig":2,"stat.pickup.minecraft.mutton":46,"stat.walkOneCm":225622,"stat.craftItem.minecraft.bed":2,"stat.pickup.mowziesmobs.ice_crystal":1,"stat.killEntity.magma_monster":1,"stat.pickup.minecraft.crafting_table":1,"stat.craftItem.minecraft.crafting_table":1,"stat.useItem.oresabovediamonds.black_opal_axe":3,"stat.pickup.minecraft.log":22,"stat.pickup.comforts.sleeping_bag":2,"stat.pickup.minecraft.beef":4,"stat.useItem.tombstone.gift":1,"stat.pickup.minecraft.chicken":1,"stat.useItem.foodexpansion.itemsquid":1,"stat.pickup.minecraft.sapling":14,"stat.pickup.minecraft.ender_pearl":1,"stat.killEntity.Squid":1,"stat.sprintOneCm":117788,"stat.pickup.mowziesmobs.wrought_axe":1,"stat.pickup.foodexpansion.itemforbiddenfruit":1,"stat.pickup.minecraft.apple":2,"stat.craftItem.minecraft.stick":8,"stat.craftItem.minecraft.wooden_axe":3,"stat.pickup.mowziesmobs.wrought_helmet":1,"stat.killEntity.wild_dog":1,"stat.useItem.carryon.tile_item":3,"stat.craftItem.minecraft.planks":24,"stat.killEntity.Chicken":1,"stat.mineBlock.minecraft.crafting_table":1,"stat.pickup.foodexpansion.itemsquid":1,"stat.mobKills":41,"stat.mineBlock.minecraft.log":21,"stat.deaths":2,"stat.drop":12,"stat.mineBlock.minecraft.leaves":8,"stat.pickup.securitycraft.mine":1,"stat.playOneMinute":141198,"stat.killEntity.Sheep":29,"stat.sneakTime":1621,"stat.pickup.minecraft.wool":28,"stat.useItem.minecraft.wooden_axe":65,"stat.mineBlock.minecraft.tallgrass":21,"stat.diveOneCm":3489,"stat.drop.minecraft.wooden_axe":1}