{"stat.drop.minecraft.mutton":11,"stat.craftItem.simpleores.tin_ingot":30,"stat.leaveGame":4,"stat.mineBlock.minecraft.sandstone":1,"stat.useItem.minecraft.mutton":33,"stat.useItem.malisisdoors.forcefielditem":12,"stat.useItem.minecraft.planks":11,"stat.pickup.minecraft.porkchop":6,"stat.useItem.minecraft.water_bucket":13,"stat.pickup.minecraft.sand":103,"stat.pickup.minecraft.brick_block":2,"stat.craftItem.minecraft.stone_axe":1,"stat.pickup.animalium.wild_dog_pelt":3,"stat.craftItem.minecraft.stone_sword":1,"stat.useItem.securitycraft.bucket_f_lava":6,"stat.useItem.minecraft.ender_pearl":1,"stat.pickup.mowziesmobs.barakoa_mask_misery":1,"stat.mineBlock.minecraft.sand":104,"stat.craftItem.spartanshields.shield_basic_tin":1,"stat.useItem.securitycraft.bucket_f_water":6,"stat.pickup.xlfoodmod.strawberry_seeds":1,"stat.craftItem.spartanshields.shield_basic_wood":1,"stat.pickup.minecraft.stained_hardened_clay":1,"stat.craftItem.minecraft.wooden_pickaxe":1,"stat.mineBlock.minecraft.brick_block":2,"stat.craftItem.minecraft.bed":4,"stat.craftItem.simpleores.tin_leggings":1,"stat.mineBlock.chisel.marble2":13,"stat.furnaceInteraction":31,"stat.pickup.minecraft.beef":6,"stat.pickup.minecraft.furnace":2,"stat.craftItem.chococraft.chocobo_drumstick_cooked":2,"stat.craftItem.paraglider.paraglider":2,"stat.mineBlock.minecraft.stained_hardened_clay":1,"stat.pickup.mowziesmobs.wrought_axe":1,"stat.pickup.xlfoodmod.vanilla_flower":1,"stat.pickup.mowziesmobs.wrought_helmet":1,"stat.pickup.minecraft.potion":1,"stat.mineBlock.simpleores.tin_ore":22,"stat.pickup.xlfoodmod.salt":5,"stat.pickup.foodexpansion.itemsquid":1,"stat.deaths":3,"stat.playOneMinute":260117,"stat.mineBlock.minecraft.stone_pressure_plate":1,"stat.craftItem.simpleores.tin_helmet":1,"stat.pickup.chisel.marble2":13,"stat.mineBlock.minecraft.tallgrass":38,"stat.chestOpened":32,"stat.fallOneCm":90177,"stat.pickup.simpleores.tin_ore":22,"stat.drop.minecraft.stone_sword":1,"stat.crouchOneCm":10766,"stat.mineBlock.minecraft.chest":1,"stat.useItem.simpleores.tin_shovel":102,"stat.craftItem.minecraft.iron_ingot":23,"stat.useItem.ancientbeasts.rifted_pearl":2,"stat.craftingTableInteraction":25,"stat.mineBlock.minecraft.log2":10,"stat.useItem.minecraft.furnace":1,"stat.pickup.minecraft.dye":3,"stat.pickup.minecraft.planks":34,"stat.pickup.minecraft.wheat_seeds":10,"stat.mineBlock.minecraft.gravel":2,"stat.useItem.minecraft.stone_pickaxe":129,"stat.useItem.minecraft.stone_sword":99,"stat.useItem.mowziesmobs.spawn_egg":3,"stat.useItem.mowziesmobs.wrought_axe":9,"stat.mineBlock.xlfoodmod.grass":1,"stat.mineBlock.minecraft.dirt":23,"stat.mineBlock.simpleores.copper_ore":27,"stat.useItem.minecraft.torch":6,"stat.pickup.mowziesmobs.ice_crystal":1,"stat.pickup.minecraft.crafting_table":2,"stat.useItem.minecraft.cobblestone":13,"stat.craftItem.minecraft.crafting_table":2,"stat.craftItem.simpleores.tin_shovel":1,"stat.pickup.minecraft.log":22,"stat.killEntity.betteranimalsplus.coyote":2,"stat.pickup.minecraft.chicken":1,"stat.pickup.minecraft.sapling":21,"stat.pickup.foodexpansion.itemforbiddenfruit":1,"stat.pickup.minecraft.apple":2,"stat.craftItem.minecraft.bucket":1,"stat.craftItem.minecraft.planks":176,"stat.pickup.minecraft.stone_sword":1,"stat.entityKilledBy.betteranimalsplus.coyote":1,"stat.mineBlock.minecraft.log":21,"stat.useItem.carryon.entity_item":1,"stat.sneakTime":5837,"stat.pickup.minecraft.wool":28,"stat.killEntity.betteranimalsplus.badger":1,"stat.useItem.minecraft.wooden_axe":68,"stat.drop.minecraft.wooden_axe":1,"stat.pickup.minecraft.chest":1,"stat.cakeSlicesEaten":3,"stat.useItem.minecraft.mushroom_stew":38,"stat.pickup.minecraft.stone_pressure_plate":1,"stat.mineBlock.minecraft.cobblestone":10,"stat.pickup.minecraft.flint":1,"stat.swimOneCm":32791,"stat.climbOneCm":1630,"stat.pickup.chococraft.chocobo_drumstick_raw":2,"stat.killEntity.DeathCreeper":1,"stat.useItem.minecraft.dirt":12,"stat.craftItem.simpleores.copper_ingot":15,"stat.useItem.minecraft.stone_slab2":58,"stat.craftItem.minecraft.stone_pickaxe":1,"stat.pickup.simpleores.copper_ore":27,"stat.pickup.minecraft.cobblestone":30,"stat.useItem.minecraft.brick_block":1,"stat.flyOneCm":1214722,"stat.pickup.minecraft.sandstone":1,"stat.pickup.minecraft.glass_bottle":2,"stat.mineBlock.minecraft.iron_ore":31,"stat.timeSinceDeath":111108,"stat.pickup.chococraft.lovely_gysahl_green":7,"stat.pickup.minecraft.mutton":52,"stat.pickup.xlfoodmod.cucumber_seeds":1,"stat.mineBlock.minecraft.coal_ore":8,"stat.useItem.oresabovediamonds.black_opal_axe":3,"stat.talkedToVillager":17,"stat.pickup.comforts.sleeping_bag":2,"stat.craftItem.simpleores.tin_chestplate":1,"stat.craftItem.minecraft.stone_slab2":0,"stat.killEntity.rat":1,"stat.useItem.foodexpansion.itemsquid":1,"stat.killEntity.Squid":1,"stat.sprintOneCm":381296,"stat.craftItem.minecraft.stick":28,"stat.craftItem.minecraft.wooden_axe":3,"stat.useItem.carryon.tile_item":4,"stat.pickup.farlanders.ender_horn":2,"stat.mineBlock.minecraft.crafting_table":2,"stat.pickup.chococraft.gysahl_green_seeds":32,"stat.drop":14,"stat.pickup.securitycraft.mine":1,"stat.pickup.spartanshields.shield_basic_tin":1,"stat.killEntity.Sheep":29,"stat.mineBlock.xlfoodmod.rock_salt":2,"stat.diveOneCm":56298,"stat.pickup.minecraft.gravel":3,"stat.useItem.minecraft.chicken":1,"stat.useItem.minecraft.apple":2,"stat.mineBlock.minecraft.deadbush":2,"stat.pickup.minecraft.obsidian":1,"stat.useItem.minecraft.porkchop":3,"stat.pickup.xlfoodmod.onion":1,"stat.craftItem.simpleores.tin_boots":1,"stat.jump":3899,"stat.useItem.minecraft.sand":1,"stat.pickup.minecraft.coal":8,"stat.pickup.minetraps.quicksand":1,"stat.useItem.minecraft.stone_axe":28,"stat.pickup.minecraft.gunpowder":3,"stat.pickup.minecraft.spider_eye":1,"stat.pickup.minecraft.dirt":52,"stat.craftItem.comforts.sleeping_bag":2,"stat.drop.minecraft.bed":1,"stat.useItem.minecraft.cooked_chicken":1,"stat.pickup.minecraft.iron_ore":31,"stat.mineBlock.minecraft.leaves2":4,"stat.damageTaken":3444,"stat.pickup.minecraft.leather":2,"stat.mineBlock.minetraps.quicksand":6,"stat.mineBlock.minecraft.torch":11,"stat.mineBlock.minecraft.furnace":2,"stat.useItem.minecraft.wooden_pickaxe":16,"stat.pickup.minecraft.log2":10,"stat.pickup.minecraft.bed":6,"tombstone:undead_killed":1,"stat.pickup.xlfoodmod.rice_seeds":1,"stat.damageDealt":11874,"stat.sleepInBed":11,"stat.useItem.medieval_craft.creativesword":3,"stat.pickup.chococraft.gysahl_green":12,"stat.killEntity.Cow":3,"stat.killEntity.Pig":4,"stat.walkOneCm":584470,"stat.playerKills":1,"stat.pickup.minecraft.stick":4,"stat.killEntity.magma_monster":1,"stat.killEntity.piranha":2,"stat.useItem.tombstone.gift":1,"stat.pickup.minecraft.ender_pearl":1,"stat.killEntity.wild_dog":10,"stat.killEntity.Chicken":1,"stat.mobKills":72,"stat.mineBlock.minecraft.leaves":12,"stat.pickup.minecraft.torch":17,"stat.mineBlock.minecraft.stone":17}