{"stat.drop.minecraft.mutton":11,"stat.walkOneCm":171943,"stat.craftItem.minecraft.bed":2,"stat.pickup.mowziesmobs.ice_crystal":1,"stat.killEntity.magma_monster":1,"stat.pickup.minecraft.gravel":1,"stat.leaveGame":2,"stat.pickup.minecraft.flint":1,"stat.craftItem.minecraft.crafting_table":1,"stat.useItem.minecraft.apple":1,"stat.pickup.minecraft.obsidian":1,"stat.useItem.oresabovediamonds.black_opal_axe":3,"stat.useItem.minecraft.porkchop":2,"stat.pickup.minecraft.log":6,"stat.useItem.minecraft.mutton":14,"stat.pickup.comforts.sleeping_bag":2,"stat.useItem.malisisdoors.forcefielditem":12,"stat.jump":960,"stat.swimOneCm":8564,"stat.fallOneCm":17949,"stat.pickup.minecraft.beef":4,"stat.useItem.tombstone.gift":1,"stat.pickup.minecraft.porkchop":3,"stat.crouchOneCm":2148,"stat.pickup.minecraft.sapling":9,"stat.pickup.minecraft.ender_pearl":1,"stat.pickup.minecraft.dirt":3,"stat.useItem.minecraft.dirt":2,"stat.sprintOneCm":92497,"stat.pickup.mowziesmobs.wrought_axe":1,"stat.useItem.minecraft.stone_slab2":32,"stat.pickup.foodexpansion.itemforbiddenfruit":1,"stat.pickup.minecraft.apple":1,"stat.craftItem.comforts.sleeping_bag":2,"stat.useItem.ancientbeasts.rifted_pearl":2,"stat.craftItem.minecraft.stick":4,"stat.craftItem.minecraft.wooden_axe":2,"stat.craftingTableInteraction":2,"stat.pickup.mowziesmobs.wrought_helmet":1,"stat.killEntity.wild_dog":1,"stat.useItem.carryon.tile_item":3,"stat.craftItem.minecraft.planks":20,"stat.damageTaken":1029,"stat.pickup.animalium.wild_dog_pelt":1,"stat.mobKills":26,"stat.mineBlock.minecraft.log":5,"stat.flyOneCm":726688,"stat.pickup.minecraft.bed":2,"stat.deaths":2,"stat.useItem.securitycraft.bucket_f_lava":6,"stat.useItem.minecraft.ender_pearl":1,"stat.pickup.minecraft.wheat_seeds":1,"stat.drop":12,"stat.mineBlock.minecraft.leaves":7,"stat.pickup.securitycraft.mine":1,"stat.playOneMinute":132125,"stat.useItem.securitycraft.bucket_f_water":6,"stat.killEntity.Sheep":17,"stat.sneakTime":1595,"stat.pickup.minecraft.wool":16,"stat.damageDealt":5483,"stat.useItem.mowziesmobs.spawn_egg":3,"stat.sleepInBed":1,"stat.timeSinceDeath":15681,"stat.useItem.medieval_craft.creativesword":3,"stat.useItem.mowziesmobs.wrought_axe":9,"stat.useItem.minecraft.wooden_axe":36,"stat.killEntity.Cow":2,"stat.mineBlock.minecraft.dirt":2,"stat.killEntity.Pig":2,"stat.mineBlock.minecraft.tallgrass":7,"stat.diveOneCm":2538,"stat.pickup.minecraft.mutton":27,"stat.drop.minecraft.wooden_axe":1}