{"stat.chestOpened":30,"stat.cakeSlicesEaten":3,"stat.drop.minecraft.mutton":11,"stat.craftItem.simpleores.tin_ingot":30,"stat.useItem.minecraft.mushroom_stew":27,"stat.pickup.minecraft.stone_pressure_plate":1,"stat.pickup.minecraft.gravel":1,"stat.leaveGame":2,"stat.mineBlock.minecraft.cobblestone":10,"stat.useItem.minecraft.chicken":1,"stat.pickup.minecraft.flint":1,"stat.useItem.minecraft.apple":2,"stat.mineBlock.minecraft.deadbush":2,"stat.pickup.minecraft.obsidian":1,"stat.useItem.minecraft.porkchop":3,"stat.mineBlock.minecraft.sandstone":1,"stat.pickup.xlfoodmod.onion":1,"stat.craftItem.simpleores.tin_boots":1,"stat.useItem.minecraft.mutton":33,"stat.useItem.malisisdoors.forcefielditem":12,"stat.jump":3430,"stat.swimOneCm":24308,"stat.useItem.minecraft.sand":1,"stat.pickup.minecraft.coal":8,"stat.fallOneCm":79361,"stat.climbOneCm":1630,"stat.useItem.minecraft.planks":11,"stat.pickup.minetraps.quicksand":1,"stat.pickup.simpleores.tin_ore":22,"stat.useItem.minecraft.stone_axe":21,"stat.drop.minecraft.stone_sword":1,"stat.pickup.minecraft.porkchop":6,"stat.pickup.chococraft.chocobo_drumstick_raw":2,"stat.crouchOneCm":9204,"stat.mineBlock.minecraft.chest":1,"stat.craftItem.minecraft.iron_ingot":23,"stat.pickup.minecraft.dirt":28,"stat.useItem.minecraft.dirt":4,"stat.craftItem.simpleores.copper_ingot":15,"stat.useItem.minecraft.stone_slab2":57,"stat.craftItem.comforts.sleeping_bag":2,"stat.drop.minecraft.bed":1,"stat.useItem.ancientbeasts.rifted_pearl":2,"stat.useItem.minecraft.cooked_chicken":1,"stat.useItem.minecraft.water_bucket":13,"stat.craftingTableInteraction":24,"stat.pickup.minecraft.iron_ore":20,"stat.pickup.minecraft.sand":2,"stat.pickup.minecraft.brick_block":2,"stat.craftItem.minecraft.stone_axe":1,"stat.mineBlock.minecraft.leaves2":4,"stat.mineBlock.minecraft.log2":9,"stat.damageTaken":2810,"stat.pickup.animalium.wild_dog_pelt":2,"stat.pickup.minecraft.leather":2,"stat.mineBlock.minetraps.quicksand":6,"stat.mineBlock.minecraft.torch":11,"stat.craftItem.minecraft.stone_pickaxe":1,"stat.mineBlock.minecraft.furnace":2,"stat.useItem.minecraft.wooden_pickaxe":16,"stat.useItem.minecraft.furnace":1,"stat.pickup.simpleores.copper_ore":15,"stat.pickup.minecraft.cobblestone":29,"stat.pickup.minecraft.log2":9,"stat.pickup.minecraft.dye":3,"stat.pickup.minecraft.planks":34,"stat.craftItem.minecraft.stone_sword":1,"stat.useItem.minecraft.brick_block":1,"stat.flyOneCm":1131063,"stat.pickup.minecraft.bed":6,"stat.useItem.securitycraft.bucket_f_lava":6,"stat.useItem.minecraft.ender_pearl":1,"stat.pickup.minecraft.sandstone":1,"stat.pickup.minecraft.wheat_seeds":5,"stat.mineBlock.minecraft.sand":5,"stat.pickup.xlfoodmod.rice_seeds":1,"stat.craftItem.spartanshields.shield_basic_tin":1,"stat.useItem.securitycraft.bucket_f_water":6,"stat.useItem.minecraft.stone_pickaxe":104,"stat.useItem.minecraft.stone_sword":53,"stat.damageDealt":9448,"stat.useItem.mowziesmobs.spawn_egg":3,"stat.mineBlock.minecraft.iron_ore":20,"stat.sleepInBed":11,"stat.pickup.xlfoodmod.strawberry_seeds":1,"stat.timeSinceDeath":90289,"stat.useItem.medieval_craft.creativesword":3,"stat.craftItem.spartanshields.shield_basic_wood":1,"stat.pickup.chococraft.gysahl_green":12,"stat.useItem.mowziesmobs.wrought_axe":9,"stat.killEntity.Cow":3,"stat.mineBlock.xlfoodmod.grass":1,"stat.mineBlock.minecraft.dirt":17,"stat.pickup.chococraft.lovely_gysahl_green":7,"stat.pickup.minecraft.stained_hardened_clay":1,"stat.killEntity.Pig":4,"stat.craftItem.minecraft.wooden_pickaxe":1,"stat.pickup.minecraft.mutton":52,"stat.mineBlock.minecraft.brick_block":2,"stat.mineBlock.simpleores.copper_ore":15,"stat.walkOneCm":521447,"stat.craftItem.minecraft.bed":4,"stat.useItem.minecraft.torch":6,"stat.craftItem.simpleores.tin_leggings":1,"stat.pickup.mowziesmobs.ice_crystal":1,"stat.pickup.minecraft.stick":4,"stat.killEntity.magma_monster":1,"stat.mineBlock.chisel.marble2":13,"stat.pickup.minecraft.crafting_table":2,"stat.useItem.minecraft.cobblestone":13,"stat.craftItem.minecraft.crafting_table":1,"stat.furnaceInteraction":31,"stat.pickup.xlfoodmod.cucumber_seeds":1,"stat.mineBlock.minecraft.coal_ore":8,"stat.useItem.oresabovediamonds.black_opal_axe":3,"stat.talkedToVillager":17,"stat.pickup.minecraft.log":22,"stat.pickup.comforts.sleeping_bag":2,"stat.craftItem.simpleores.tin_chestplate":1,"stat.pickup.minecraft.beef":6,"stat.useItem.tombstone.gift":1,"stat.pickup.minecraft.furnace":2,"stat.craftItem.chococraft.chocobo_drumstick_cooked":2,"stat.killEntity.betteranimalsplus.coyote":2,"stat.craftItem.minecraft.stone_slab2":0,"stat.pickup.minecraft.chicken":1,"stat.craftItem.paraglider.paraglider":2,"stat.useItem.foodexpansion.itemsquid":1,"stat.pickup.minecraft.sapling":21,"stat.pickup.minecraft.ender_pearl":1,"stat.killEntity.Squid":1,"stat.mineBlock.minecraft.stained_hardened_clay":1,"stat.sprintOneCm":332415,"stat.pickup.mowziesmobs.wrought_axe":1,"stat.pickup.foodexpansion.itemforbiddenfruit":1,"stat.pickup.minecraft.apple":2,"stat.craftItem.minecraft.stick":28,"stat.craftItem.minecraft.wooden_axe":3,"stat.pickup.mowziesmobs.wrought_helmet":1,"stat.killEntity.wild_dog":6,"stat.useItem.carryon.tile_item":4,"stat.craftItem.minecraft.bucket":1,"stat.craftItem.minecraft.planks":172,"stat.killEntity.Chicken":1,"stat.pickup.farlanders.ender_horn":2,"stat.mineBlock.simpleores.tin_ore":22,"stat.mineBlock.minecraft.crafting_table":2,"stat.pickup.xlfoodmod.salt":5,"stat.pickup.minecraft.stone_sword":1,"stat.entityKilledBy.betteranimalsplus.coyote":1,"stat.pickup.foodexpansion.itemsquid":1,"stat.mobKills":56,"stat.mineBlock.minecraft.log":21,"stat.pickup.chococraft.gysahl_green_seeds":32,"stat.useItem.carryon.entity_item":1,"stat.deaths":3,"stat.drop":14,"stat.mineBlock.minecraft.leaves":12,"stat.pickup.securitycraft.mine":1,"stat.playOneMinute":239298,"stat.pickup.minecraft.torch":17,"stat.mineBlock.minecraft.stone_pressure_plate":1,"stat.pickup.spartanshields.shield_basic_tin":1,"stat.killEntity.Sheep":29,"stat.sneakTime":4610,"stat.pickup.minecraft.wool":28,"stat.killEntity.betteranimalsplus.badger":1,"stat.useItem.minecraft.wooden_axe":68,"stat.mineBlock.xlfoodmod.rock_salt":2,"stat.craftItem.simpleores.tin_helmet":1,"stat.mineBlock.minecraft.stone":15,"stat.pickup.chisel.marble2":13,"stat.mineBlock.minecraft.tallgrass":29,"stat.diveOneCm":44354,"stat.drop.minecraft.wooden_axe":1,"stat.pickup.minecraft.chest":1}