{"stat.walkOneCm":19193,"stat.pickup.minecraft.gravel":1,"stat.leaveGame":1,"stat.damageTaken":140,"stat.pickup.minecraft.flint":1,"stat.mobKills":3,"stat.useItem.oresabovediamonds.black_opal_axe":3,"stat.flyOneCm":119009,"stat.useItem.malisisdoors.forcefielditem":12,"stat.jump":91,"stat.swimOneCm":450,"stat.pickup.securitycraft.mine":1,"stat.playOneMinute":8725,"stat.fallOneCm":209,"stat.pickup.minecraft.beef":4,"stat.killEntity.Sheep":1,"stat.sneakTime":254,"stat.pickup.minecraft.wool":1,"stat.damageDealt":337,"stat.crouchOneCm":413,"stat.timeSinceDeath":8725,"stat.killEntity.Cow":2,"stat.sprintOneCm":10084,"stat.useItem.minecraft.stone_slab2":8,"stat.diveOneCm":2538,"stat.pickup.minecraft.mutton":2}