{"stat.leaveGame":16,"stat.killEntity.betteranimalsplus.goat":5,"stat.mineBlock.minecraft.sandstone":2,"stat.useItem.cfm.couch":2,"stat.mineBlock.minecraft.web":4,"stat.useItem.malisisdoors.wood_sliding_door":2,"stat.craftItem.opframe.opframe":1,"stat.drop.minecraft.iron_sword":1,"stat.pickup.minecraft.rotten_flesh":17,"stat.drop.animalium.wild_dog_pelt":1,"stat.pickup.minecraft.brick_block":2,"stat.killEntity.Donkey":2,"stat.craftItem.minecraft.stone_axe":2,"stat.pickup.animalium.wild_dog_pelt":10,"stat.killEntity.betteranimalsplus.brownbear":2,"stat.pickup.minecraft.brown_mushroom":1,"stat.mineBlock.minecraft.end_stone":1,"stat.pickup.chisel.chisel_iron":1,"stat.pickup.xlfoodmod.strawberry_seeds":2,"stat.useItem.minecraft.iron_pickaxe":329,"stat.pickup.minecraft.stained_hardened_clay":1,"stat.craftItem.minecraft.wooden_pickaxe":1,"stat.useItem.minecraft.iron_shovel":1,"stat.mineBlock.minecraft.brick_block":2,"stat.craftItem.minecraft.bed":4,"stat.pickup.defiledlands.scuronotte":1,"stat.mineBlock.chisel.marble2":14,"stat.mineBlock.minecraft.vine":2,"stat.furnaceInteraction":94,"stat.craftItem.chococraft.chocopedia":1,"stat.killEntity.ZombieVillager":1,"stat.pickup.minecraft.beef":37,"stat.craftItem.chococraft.chocobo_whistle":2,"stat.craftItem.chococraft.chocobo_drumstick_cooked":2,"stat.mineBlock.minecraft.stained_hardened_clay":1,"stat.pickup.mowziesmobs.wrought_helmet":1,"stat.useItem.minecraft.acacia_fence":59,"stat.useItem.chococraft.gysahl_green_seeds":123,"stat.pickup.minecraft.potion":1,"stat.mineBlock.simpleores.tin_ore":22,"stat.pickup.mowziesmobs.barakoa_mask_rage":1,"stat.useItem.minecraft.wheat_seeds":36,"stat.pickup.xlfoodmod.salt":5,"stat.useItem.minecraft.dye":79,"stat.deaths":36,"stat.killEntity.Rifted_Enderman":1,"stat.pickup.mowziesmobs.barakoa_mask_fury":2,"stat.pickup.minecraft.egg":2,"stat.mineBlock.futuremc.stripped_acacia_log":1,"stat.mineBlock.minecraft.stone_pressure_plate":2,"stat.craftItem.minecraft.iron_pickaxe":2,"stat.craftItem.simpleores.tin_helmet":1,"stat.pickup.chisel.marble2":14,"stat.mineBlock.minecraft.tallgrass":565,"stat.chestOpened":212,"stat.craftItem.minecraft.mushroom_stew":1,"stat.pickup.betteranimalsplus.wolf_pelt_brown":2,"stat.killEntity.betteranimalsplus.goose":1,"stat.pickup.minecraft.arrow":9,"stat.pickup.minecraft.iron_sword":10,"stat.useItem.minecraft.acacia_fence_gate":1,"stat.pickup.minecraft.acacia_fence_gate":1,"stat.craftItem.minecraft.coal":17,"stat.useItem.malisisdoors.shoji_door":2,"stat.entityKilledBy.FireZombie":2,"stat.pickup.betteranimalsplus.bear_skin_brown":3,"stat.pickup.minecraft.carrot":5,"stat.drop.minecraft.stone_sword":1,"stat.crouchOneCm":39683,"stat.mineBlock.minecraft.chest":1,"stat.useItem.simpleores.tin_shovel":222,"stat.craftItem.minecraft.iron_ingot":106,"stat.craftingTableInteraction":67,"stat.pickup.minecraft.mushroom_stew":1,"stat.mineBlock.minecraft.log2":40,"stat.pickup.minecraft.dye":24,"stat.pickup.minecraft.planks":61,"stat.pickup.minecraft.wheat_seeds":180,"stat.pickup.chisel.cobblestone":1,"stat.useItem.mowziesmobs.wrought_axe":9,"stat.mineBlock.xlfoodmod.grass":18,"stat.mineBlock.minecraft.dirt":178,"stat.useItem.animalium.rat_meat":1,"stat.useItem.minecraft.cobblestone":32,"stat.mineBlock.minecraft.double_plant":14,"stat.craftItem.simpleores.tin_shovel":1,"stat.pickup.betteranimalsplus.wolfhead_4":1,"stat.pickup.minecraft.iron_pickaxe":3,"stat.pickup.minecraft.chicken":2,"stat.craftItem.chisel.chisel_iron":1,"stat.pickup.foodexpansion.itemllamameat":1,"stat.pickup.minecraft.apple":2,"stat.craftItem.minecraft.bucket":1,"stat.craftItem.minecraft.planks":360,"stat.useItem.minecraft.iron_sword":544,"stat.craftItem.malisisdoors.saloon":3,"stat.killEntity.green":1,"stat.pickup.minecraft.stone_sword":2,"stat.drop.paraglider.paraglider":1,"stat.mineBlock.minecraft.log":41,"stat.mineBlock.farlanders.endumium_ore":2,"stat.useItem.carryon.entity_item":9,"stat.craftItem.minecraft.paper":6,"stat.pickup.minecraft.red_flower":15,"stat.pickup.minecraft.wool":128,"stat.killEntity.betteranimalsplus.badger":1,"stat.useItem.minecraft.wooden_axe":68,"stat.cakeSlicesEaten":3,"stat.useItem.minecraft.iron_axe":118,"stat.mineBlock.minecraft.cobblestone":14,"stat.mineBlock.minecraft.pumpkin":1,"stat.useItem.foodexpansion.itemhorsemeat":1,"stat.pickup.minecraft.flint":1,"stat.mineBlock.minecraft.yellow_flower":2,"stat.craftItem.tombstone.grave_key":1,"stat.craftItem.cfm.couch":2,"stat.craftItem.minecraft.wool":2,"stat.entityKilledBy.magma_monster":2,"stat.killEntity.DeathCreeper":1,"stat.craftItem.simpleores.copper_ingot":15,"stat.useItem.minecraft.cookie":2,"stat.useItem.minecraft.stone_slab2":130,"stat.pickup.minecraft.iron_boots":2,"stat.mineBlock.chisel.cobblestone":1,"stat.killEntity.BlindingEnderman":1,"stat.craftItem.minecraft.iron_boots":1,"stat.pickup.animalium.rat_meat":5,"stat.pickup.simpleores.copper_ore":34,"stat.pickup.animalium.bear_meat":5,"stat.useItem.minecraft.brick_block":1,"stat.flyOneCm":4582542,"stat.pickup.minecraft.sandstone":2,"stat.pickup.malisisdoors.shoji_door":4,"stat.pickup.minecraft.fish":3,"stat.timeSinceDeath":52989,"stat.pickup.chococraft.lovely_gysahl_green":26,"stat.pickup.futuremc.stripped_acacia_log":1,"stat.pickup.travelersbackpack.travelers_backpack":2,"stat.pickup.minecraft.chainmail_helmet":1,"stat.pickup.xlfoodmod.cucumber_seeds":3,"stat.mineBlock.minecraft.coal_ore":155,"tombstone:tomb_raiding":1,"stat.talkedToVillager":26,"stat.craftItem.minecraft.stone_hoe":1,"stat.pickup.minecraft.string":16,"stat.pickup.comforts.sleeping_bag":5,"stat.craftItem.simpleores.tin_chestplate":1,"stat.pickup.tombstone.crafting_ingredient":6,"stat.useItem.foodexpansion.itemsquid":1,"stat.pickup.minecraft.birch_stairs":2,"stat.killEntity.Squid":1,"stat.sprintOneCm":2232867,"stat.killEntity.betteranimalsplus.pheasant":2,"stat.craftItem.minecraft.wooden_axe":3,"stat.useItem.animalium.bear_claw_paxel":4,"stat.useItem.carryon.tile_item":33,"stat.pickup.farlanders.ender_horn":4,"stat.craftItem.chococraft.chocobo_saddle":2,"stat.pickup.mowziesmobs.barakoa_mask_fear":2,"stat.pickup.betteranimalsplus.wolf_pelt_arctic":2,"stat.useItem.xlfoodmod.pepper_seeds":17,"stat.pickup.minecraft.sugar":2,"stat.pickup.cfm.couch":2,"stat.craftItem.minecraft.dye":83,"stat.killEntity.green_soldier":4,"stat.mineBlock.xlfoodmod.rock_salt":2,"stat.pickup.minecraft.fire_charge":2,"stat.diveOneCm":312277,"stat.pickup.minecraft.wheat":29,"stat.craftItem.minecraft.ladder":3,"stat.useItem.minecraft.chicken":1,"stat.pickup.minecraft.stone_axe":2,"stat.pickup.minecraft.obsidian":6,"stat.useItem.minecraft.rotten_flesh":1,"stat.pickup.xlfoodmod.onion":3,"stat.craftItem.simpleores.tin_boots":1,"stat.drop.minecraft.sandstone":1,"stat.jump":19708,"stat.useItem.minecraft.sand":1,"stat.pickup.minecraft.coal":157,"stat.killEntity.IcyEnderman":1,"stat.pickup.minecraft.iron_ingot":10,"stat.pickup.minetraps.quicksand":3,"stat.pickup.animalium.bear_claw":7,"stat.pickup.minecraft.gunpowder":9,"stat.craftItem.minecraft.torch":8,"stat.pickup.minecraft.dirt":218,"stat.drop.minecraft.iron_shovel":1,"stat.craftItem.comforts.sleeping_bag":2,"stat.killEntity.blue_archer":1,"stat.pickup.betteranimalsplus.coyotehead_1":2,"stat.pickup.minecraft.cookie":14,"stat.pickup.minecraft.iron_axe":2,"stat.damageTaken":22404,"stat.mineBlock.minetraps.quicksand":8,"stat.mineBlock.minecraft.torch":27,"stat.mineBlock.minecraft.red_flower":13,"stat.craftItem.malisisdoors.verticalhatch":1,"stat.pickup.minecraft.log2":39,"stat.pickup.minecraft.bed":7,"stat.pickup.opframe.opframe":1,"stat.pickup.minecraft.acacia_fence":13,"stat.pickup.xlfoodmod.rice_seeds":2,"stat.pickup.minecraft.potato":9,"stat.pickup.minecraft.rabbit_hide":1,"stat.killEntity.FishingZombie":1,"stat.pickup.chococraft.gysahl_green":185,"stat.craftItem.malisisdoors.curtain_white":3,"stat.killEntity.magma_monster":10,"stat.killEntity.betteranimalsplus.feralwolf":3,"stat.pickup.minecraft.rabbit_foot":1,"stat.useItem.tombstone.gift":3,"stat.pickup.minecraft.ender_pearl":10,"stat.mineBlock.opframe.opframe":1,"stat.craftItem.travelersbackpack.sleeping_bag_bottom":1,"stat.useItem.foodexpansion.itemllamameat":1,"stat.drop.minecraft.cookie":8,"stat.mobKills":373,"stat.craftItem.minecraft.shears":1,"stat.pickup.minecraft.torch":34,"stat.useItem.minecraft.string":3,"stat.drop.minecraft.mutton":11,"stat.craftItem.simpleores.tin_ingot":30,"stat.craftItem.minecraft.iron_axe":1,"stat.useItem.minecraft.mutton":33,"stat.useItem.malisisdoors.forcefielditem":12,"stat.useItem.minecraft.planks":40,"stat.drop.chococraft.chocobo_feather":1,"stat.pickup.minecraft.glowstone_dust":2,"stat.mineBlock.minecraft.acacia_fence_gate":1,"stat.useItem.minecraft.fire_charge":1,"stat.pickup.minecraft.porkchop":8,"stat.useItem.minecraft.water_bucket":288,"stat.mineBlock.minecraft.red_mushroom":3,"stat.pickup.minecraft.sand":235,"stat.killEntity.bear":5,"stat.craftItem.minecraft.stone_sword":1,"stat.entityKilledBy.green":2,"stat.useItem.securitycraft.bucket_f_lava":6,"stat.useItem.minecraft.ender_pearl":1,"stat.pickup.mowziesmobs.barakoa_mask_misery":3,"stat.pickup.minecraft.chainmail_chestplate":1,"stat.mineBlock.minecraft.sand":238,"stat.craftItem.spartanshields.shield_basic_tin":1,"stat.useItem.securitycraft.bucket_f_water":6,"stat.craftItem.spartanshields.shield_basic_wood":1,"stat.useItem.malisisdoors.saloon":2,"stat.craftItem.simpleores.tin_leggings":1,"stat.pickup.xlfoodmod.lettuce_seeds":1,"stat.pickup.xlfoodmod.pepper":13,"stat.pickup.minecraft.furnace":2,"stat.craftItem.paraglider.paraglider":2,"stat.craftItem.travelersbackpack.travelers_backpack":2,"stat.pickup.mowziesmobs.wrought_axe":1,"stat.pickup.xlfoodmod.vanilla_flower":1,"stat.pickup.minecraft.iron_chestplate":1,"stat.pickup.tombstone.magic_scroll":2,"stat.mineBlock.defiledlands.scuronotte":1,"stat.useItem.comforts.sleeping_bag":1,"stat.mineBlock.chococraft.chocobo_egg":3,"stat.pickup.foodexpansion.itemsquid":1,"stat.pickup.xlfoodmod.pepper_seeds":37,"stat.killEntity.betteranimalsplus.songbird":2,"stat.entityKilledBy.wild_dog":4,"stat.playOneMinute":987586,"stat.pickup.minecraft.birch_door":1,"stat.pickup.minecraft.pumpkin":1,"stat.pickup.minecraft.waterlily":1,"stat.fallOneCm":580719,"stat.pickup.simpleores.tin_ore":22,"stat.craftItem.minecraft.chest":2,"stat.pickup.minecraft.red_mushroom":3,"stat.entityKilledBy.MiniEnderman":1,"stat.useItem.ancientbeasts.rifted_pearl":3,"stat.pickup.chococraft.chocobo_egg":3,"stat.pickup.minecraft.feather":3,"stat.useItem.minecraft.furnace":1,"stat.killEntity.Llama":1,"stat.killEntity.HungrySpider":1,"stat.mineBlock.minecraft.gravel":2,"stat.useItem.minecraft.stone_pickaxe":129,"stat.useItem.minecraft.stone_sword":137,"stat.pickup.farlanders.endumium_crystal":2,"stat.useItem.mowziesmobs.spawn_egg":3,"stat.killEntity.Rabbit":2,"stat.useItem.minecraft.wool":2,"stat.mineBlock.simpleores.copper_ore":36,"stat.useItem.minecraft.torch":18,"stat.pickup.mowziesmobs.ice_crystal":1,"stat.pickup.malisisdoors.wood_sliding_door":3,"stat.pickup.minecraft.crafting_table":2,"stat.pickup.chococraft.chocobo_whistle":2,"stat.craftItem.minecraft.crafting_table":2,"stat.pickup.minecraft.iron_hoe":4,"stat.pickup.minecraft.log":42,"stat.killEntity.betteranimalsplus.coyote":15,"stat.drop.minecraft.planks":1,"stat.pickup.minecraft.chainmail_leggings":1,"stat.pickup.minecraft.sapling":39,"stat.pickup.minecraft.wooden_door":1,"stat.pickup.foodexpansion.itemforbiddenfruit":1,"stat.killEntity.Bonepile":2,"stat.entityKilledBy.betteranimalsplus.coyote":1,"stat.drop.comforts.sleeping_bag":1,"stat.useItem.minecraft.stone_hoe":57,"stat.killEntity.FireZombie":1,"stat.sneakTime":14832,"stat.pickup.minecraft.rabbit":3,"stat.pickup.minecraft.yellow_flower":2,"stat.drop.minecraft.wooden_axe":1,"stat.pickup.minecraft.chest":1,"stat.drop.minecraft.stone_pickaxe":1,"stat.useItem.minecraft.mushroom_stew":267,"stat.pickup.minecraft.bone":10,"stat.pickup.minecraft.stone_pressure_plate":2,"stat.pickup.minecraft.redstone_torch":1,"stat.killEntity.HuskZombie":1,"stat.mineBlock.minecraft.brown_mushroom":1,"stat.mineBlock.minecraft.acacia_fence":12,"stat.craftItem.minecraft.acacia_fence_gate":2,"stat.swimOneCm":198989,"stat.climbOneCm":12018,"stat.craftItem.chococraft.straw_nest":1,"stat.pickup.chococraft.chocobo_drumstick_raw":2,"stat.pickup.foodexpansion.itemhorsemeat":3,"stat.useItem.minecraft.dirt":108,"stat.killEntity.betteranimalsplus.boar":1,"stat.killEntity.BruteZombie":1,"stat.craftItem.minecraft.stone_pickaxe":1,"stat.pickup.minecraft.cobblestone":69,"stat.killEntity.WildsWitch":1,"stat.drop.chisel.chisel_iron":1,"stat.useItem.minecraft.stone_shovel":144,"stat.pickup.minecraft.glass_bottle":2,"stat.craftItem.malisisdoors.shoji_door":3,"stat.drop.minecraft.wheat_seeds":1,"stat.pickup.minecraft.cactus":36,"stat.mineBlock.minecraft.iron_ore":103,"stat.craftItem.minecraft.book":1,"stat.pickup.minecraft.mutton":71,"stat.useItem.malisisdoors.curtain_white":2,"stat.pickup.ancientbeasts.kunai":3,"stat.pickup.malisisdoors.verticalhatch":1,"stat.pickup.minecraft.iron_shovel":1,"stat.useItem.oresabovediamonds.black_opal_axe":3,"stat.pickup.chococraft.chocobo_feather":11,"stat.craftItem.minecraft.acacia_fence":48,"stat.entityKilledBy.BlindingEnderman":1,"stat.pickup.xlfoodmod.corn_seeds":2,"stat.craftItem.malisisdoors.wood_sliding_door":3,"stat.craftItem.minecraft.stone_slab2":0,"stat.killEntity.rat":44,"stat.craftItem.animalium.bear_claw_paxel":1,"stat.craftItem.minecraft.stick":156,"stat.pickup.paraglider.paraglider":1,"stat.pickup.minecraft.grass":5,"stat.mineBlock.minecraft.crafting_table":2,"stat.drop.minecraft.leaves":1,"stat.useItem.minecraft.carrot":3,"stat.pickup.chococraft.gysahl_green_seeds":296,"stat.mineBlock.minecraft.planks":24,"stat.drop":36,"stat.pickup.securitycraft.mine":1,"stat.pickup.spartanshields.shield_basic_tin":1,"stat.killEntity.Sheep":36,"stat.pickup.ancientbeasts.rifted_pearl":1,"stat.pickup.minecraft.gravel":3,"stat.useItem.minecraft.apple":2,"stat.mineBlock.minecraft.deadbush":6,"stat.useItem.minecraft.porkchop":3,"stat.useItem.minetraps.quicksand":1,"stat.useItem.minecraft.potion":1,"stat.pickup.endercrop.ender_seeds":1,"stat.craftItem.travelersbackpack.backpack_tank":2,"stat.pickup.minecraft.iron_helmet":2,"stat.killEntity.defiledlands.scuttler":2,"stat.useItem.minecraft.stone_axe":124,"stat.pickup.minecraft.spider_eye":3,"stat.craftItem.minecraft.iron_helmet":1,"stat.drop.minecraft.bed":1,"stat.useItem.minecraft.cooked_chicken":1,"stat.pickup.minecraft.iron_ore":103,"stat.pickup.minecraft.leaves":1,"stat.mineBlock.minecraft.leaves2":4,"stat.pickup.xlfoodmod.tomato_seeds":2,"stat.pickup.minecraft.leather":28,"stat.mineBlock.minecraft.furnace":2,"stat.useItem.minecraft.wooden_pickaxe":16,"stat.dispenserInspected":3,"stat.pickup.minecraft.reeds":6,"tombstone:undead_killed":32,"stat.useItem.tombstone.grave_key":12,"stat.damageDealt":62995,"stat.craftItem.minecraft.glass":39,"stat.sleepInBed":46,"stat.useItem.medieval_craft.creativesword":3,"stat.killEntity.Cow":14,"stat.killEntity.Pig":6,"stat.craftItem.minecraft.iron_sword":2,"stat.craftItem.minecraft.stone_shovel":1,"stat.walkOneCm":2305023,"stat.playerKills":6,"stat.pickup.minecraft.stick":11,"stat.killEntity.piranha":8,"stat.useItem.medieval_craft.battleaxe":188,"stat.pickup.minecraft.stone":3,"stat.mineBlock.minecraft.wool":2,"stat.killEntity.GiantZombie":2,"stat.pickup.betteranimalsplus.pheasantraw":4,"stat.craftItem.minecraft.hay_block":1,"stat.killEntity.blue_soldier":5,"stat.drop.chococraft.gysahl_green_seeds":2,"stat.entityKilledBy.IcyEnderman":1,"stat.killEntity.wild_dog":57,"stat.killEntity.magma_monster_grunt":3,"stat.mineBlock.minecraft.cactus":17,"stat.killEntity.Chicken":5,"stat.mineBlock.minecraft.redstone_torch":1,"stat.craftItem.minecraft.fence":23,"stat.pickup.mowziesmobs.barakoa_mask_bliss":1,"stat.mineBlock.minecraft.leaves":25,"stat.craftItem.endercrop.ender_seeds":1,"stat.mineBlock.minecraft.stone":51}