{"stat.drop.minecraft.mutton":11,"stat.craftItem.simpleores.tin_ingot":30,"stat.leaveGame":6,"stat.killEntity.betteranimalsplus.goat":4,"stat.mineBlock.minecraft.sandstone":2,"stat.useItem.minecraft.mutton":33,"stat.useItem.malisisdoors.forcefielditem":12,"stat.useItem.minecraft.planks":11,"stat.pickup.minecraft.porkchop":6,"stat.useItem.minecraft.water_bucket":69,"stat.mineBlock.minecraft.red_mushroom":2,"stat.pickup.minecraft.sand":222,"stat.pickup.minecraft.brick_block":2,"stat.craftItem.minecraft.stone_axe":1,"stat.pickup.animalium.wild_dog_pelt":4,"stat.craftItem.minecraft.stone_sword":1,"stat.useItem.securitycraft.bucket_f_lava":6,"stat.useItem.minecraft.ender_pearl":1,"stat.pickup.mowziesmobs.barakoa_mask_misery":1,"stat.pickup.minecraft.chainmail_chestplate":1,"stat.mineBlock.minecraft.sand":225,"stat.craftItem.spartanshields.shield_basic_tin":1,"stat.useItem.securitycraft.bucket_f_water":6,"stat.pickup.xlfoodmod.strawberry_seeds":1,"stat.craftItem.spartanshields.shield_basic_wood":1,"stat.useItem.minecraft.iron_pickaxe":121,"stat.pickup.minecraft.stained_hardened_clay":1,"stat.craftItem.minecraft.wooden_pickaxe":1,"stat.mineBlock.minecraft.brick_block":2,"stat.craftItem.minecraft.bed":4,"stat.craftItem.simpleores.tin_leggings":1,"stat.mineBlock.chisel.marble2":13,"stat.furnaceInteraction":67,"stat.pickup.minecraft.beef":21,"stat.pickup.minecraft.furnace":2,"stat.craftItem.chococraft.chocobo_drumstick_cooked":2,"stat.craftItem.paraglider.paraglider":2,"stat.mineBlock.minecraft.stained_hardened_clay":1,"stat.pickup.mowziesmobs.wrought_axe":1,"stat.pickup.xlfoodmod.vanilla_flower":1,"stat.pickup.mowziesmobs.wrought_helmet":1,"stat.pickup.minecraft.potion":1,"stat.mineBlock.simpleores.tin_ore":22,"stat.pickup.mowziesmobs.barakoa_mask_rage":1,"stat.pickup.xlfoodmod.salt":5,"stat.pickup.foodexpansion.itemsquid":1,"stat.deaths":7,"stat.killEntity.betteranimalsplus.songbird":2,"stat.pickup.mowziesmobs.barakoa_mask_fury":1,"stat.playOneMinute":408210,"stat.mineBlock.minecraft.stone_pressure_plate":2,"stat.craftItem.minecraft.iron_pickaxe":1,"stat.craftItem.simpleores.tin_helmet":1,"stat.pickup.chisel.marble2":13,"stat.mineBlock.minecraft.tallgrass":144,"stat.chestOpened":71,"stat.pickup.minecraft.pumpkin":1,"stat.pickup.minecraft.arrow":1,"stat.craftItem.minecraft.coal":17,"stat.fallOneCm":190788,"stat.pickup.simpleores.tin_ore":22,"stat.drop.minecraft.stone_sword":1,"stat.crouchOneCm":13166,"stat.mineBlock.minecraft.chest":1,"stat.useItem.simpleores.tin_shovel":222,"stat.craftItem.minecraft.iron_ingot":64,"stat.pickup.minecraft.red_mushroom":2,"stat.useItem.ancientbeasts.rifted_pearl":2,"stat.craftingTableInteraction":34,"stat.mineBlock.minecraft.log2":15,"stat.pickup.minecraft.feather":1,"stat.useItem.minecraft.furnace":1,"stat.pickup.minecraft.dye":3,"stat.pickup.minecraft.planks":34,"stat.pickup.minecraft.wheat_seeds":22,"stat.mineBlock.minecraft.gravel":2,"stat.useItem.minecraft.stone_pickaxe":129,"stat.useItem.minecraft.stone_sword":137,"stat.useItem.mowziesmobs.spawn_egg":3,"stat.killEntity.Rabbit":2,"stat.useItem.mowziesmobs.wrought_axe":9,"stat.mineBlock.xlfoodmod.grass":4,"stat.mineBlock.minecraft.dirt":25,"stat.mineBlock.simpleores.copper_ore":36,"stat.useItem.minecraft.torch":9,"stat.pickup.mowziesmobs.ice_crystal":1,"stat.pickup.minecraft.crafting_table":2,"stat.useItem.minecraft.cobblestone":13,"stat.craftItem.minecraft.crafting_table":2,"stat.mineBlock.minecraft.double_plant":5,"stat.craftItem.simpleores.tin_shovel":1,"stat.pickup.minecraft.iron_hoe":1,"stat.pickup.minecraft.log":22,"stat.killEntity.betteranimalsplus.coyote":13,"stat.pickup.minecraft.chicken":1,"stat.craftItem.chisel.chisel_iron":1,"stat.pickup.minecraft.sapling":21,"stat.pickup.minecraft.wooden_door":1,"stat.pickup.foodexpansion.itemforbiddenfruit":1,"stat.pickup.minecraft.apple":2,"stat.craftItem.minecraft.bucket":1,"stat.craftItem.minecraft.planks":176,"stat.pickup.minecraft.stone_sword":2,"stat.entityKilledBy.betteranimalsplus.coyote":1,"stat.drop.comforts.sleeping_bag":1,"stat.drop.paraglider.paraglider":1,"stat.mineBlock.minecraft.log":21,"stat.useItem.carryon.entity_item":1,"stat.sneakTime":6669,"stat.pickup.minecraft.wool":34,"stat.pickup.minecraft.rabbit":2,"stat.killEntity.betteranimalsplus.badger":1,"stat.useItem.minecraft.wooden_axe":68,"stat.drop.minecraft.wooden_axe":1,"stat.pickup.minecraft.chest":1,"stat.cakeSlicesEaten":3,"stat.drop.minecraft.stone_pickaxe":1,"stat.useItem.minecraft.mushroom_stew":88,"stat.pickup.minecraft.stone_pressure_plate":2,"stat.pickup.minecraft.redstone_torch":1,"stat.mineBlock.minecraft.cobblestone":10,"stat.mineBlock.minecraft.pumpkin":1,"stat.pickup.minecraft.flint":1,"stat.mineBlock.minecraft.yellow_flower":1,"stat.swimOneCm":74432,"stat.climbOneCm":2774,"stat.pickup.chococraft.chocobo_drumstick_raw":2,"stat.killEntity.DeathCreeper":1,"stat.useItem.minecraft.dirt":16,"stat.craftItem.simpleores.copper_ingot":15,"stat.useItem.minecraft.stone_slab2":68,"stat.craftItem.minecraft.iron_boots":1,"stat.pickup.animalium.rat_meat":1,"stat.craftItem.minecraft.stone_pickaxe":1,"stat.pickup.simpleores.copper_ore":34,"stat.pickup.minecraft.cobblestone":39,"stat.drop.chisel.chisel_iron":1,"stat.useItem.minecraft.brick_block":1,"stat.flyOneCm":1847804,"stat.pickup.minecraft.sandstone":2,"stat.pickup.minecraft.glass_bottle":2,"stat.pickup.minecraft.fish":2,"stat.mineBlock.minecraft.iron_ore":61,"stat.timeSinceDeath":16383,"stat.pickup.chococraft.lovely_gysahl_green":7,"stat.pickup.minecraft.mutton":65,"stat.pickup.xlfoodmod.cucumber_seeds":1,"stat.pickup.minecraft.iron_shovel":1,"stat.mineBlock.minecraft.coal_ore":27,"stat.useItem.oresabovediamonds.black_opal_axe":3,"stat.pickup.chococraft.chocobo_feather":2,"stat.talkedToVillager":17,"stat.pickup.comforts.sleeping_bag":3,"stat.craftItem.simpleores.tin_chestplate":1,"stat.craftItem.minecraft.stone_slab2":0,"stat.killEntity.rat":12,"stat.useItem.foodexpansion.itemsquid":1,"stat.killEntity.Squid":1,"stat.sprintOneCm":697669,"stat.killEntity.betteranimalsplus.pheasant":2,"stat.craftItem.minecraft.stick":28,"stat.craftItem.minecraft.wooden_axe":3,"stat.pickup.paraglider.paraglider":1,"stat.useItem.carryon.tile_item":14,"stat.pickup.farlanders.ender_horn":4,"stat.pickup.mowziesmobs.barakoa_mask_fear":1,"stat.mineBlock.minecraft.crafting_table":2,"stat.pickup.chococraft.gysahl_green_seeds":32,"stat.drop":19,"stat.pickup.securitycraft.mine":1,"stat.pickup.spartanshields.shield_basic_tin":1,"stat.killEntity.Sheep":35,"stat.mineBlock.xlfoodmod.rock_salt":2,"stat.diveOneCm":145261,"stat.pickup.minecraft.gravel":3,"stat.useItem.minecraft.chicken":1,"stat.pickup.minecraft.stone_axe":1,"stat.useItem.minecraft.apple":2,"stat.mineBlock.minecraft.deadbush":5,"stat.pickup.minecraft.obsidian":1,"stat.useItem.minecraft.porkchop":3,"stat.useItem.minecraft.potion":1,"stat.pickup.xlfoodmod.onion":1,"stat.craftItem.simpleores.tin_boots":1,"stat.drop.minecraft.sandstone":1,"stat.jump":6895,"stat.useItem.minecraft.sand":1,"stat.pickup.minecraft.coal":27,"stat.pickup.minecraft.iron_ingot":4,"stat.pickup.minetraps.quicksand":1,"stat.useItem.minecraft.stone_axe":66,"stat.pickup.minecraft.gunpowder":5,"stat.pickup.minecraft.spider_eye":1,"stat.pickup.minecraft.dirt":54,"stat.craftItem.minecraft.iron_helmet":1,"stat.craftItem.comforts.sleeping_bag":2,"stat.drop.minecraft.bed":1,"stat.pickup.betteranimalsplus.coyotehead_1":2,"stat.useItem.minecraft.cooked_chicken":1,"stat.pickup.minecraft.iron_ore":61,"stat.mineBlock.minecraft.leaves2":4,"stat.damageTaken":7014,"stat.pickup.minecraft.leather":22,"stat.mineBlock.minetraps.quicksand":6,"stat.mineBlock.minecraft.torch":15,"stat.mineBlock.minecraft.furnace":2,"stat.useItem.minecraft.wooden_pickaxe":16,"stat.dispenserInspected":3,"stat.pickup.minecraft.log2":14,"stat.pickup.minecraft.bed":7,"tombstone:undead_killed":5,"stat.pickup.xlfoodmod.rice_seeds":1,"stat.pickup.minecraft.rabbit_hide":1,"stat.damageDealt":23588,"stat.craftItem.minecraft.glass":29,"stat.sleepInBed":16,"stat.useItem.medieval_craft.creativesword":3,"stat.killEntity.FishingZombie":1,"stat.pickup.chococraft.gysahl_green":12,"stat.killEntity.Cow":13,"stat.killEntity.Pig":4,"stat.walkOneCm":876157,"stat.playerKills":2,"stat.pickup.minecraft.stick":7,"stat.killEntity.magma_monster":1,"stat.killEntity.piranha":2,"stat.pickup.minecraft.rabbit_foot":1,"stat.useItem.medieval_craft.battleaxe":85,"stat.useItem.tombstone.gift":3,"stat.pickup.betteranimalsplus.pheasantraw":4,"stat.pickup.minecraft.ender_pearl":2,"stat.killEntity.blue_soldier":5,"stat.killEntity.wild_dog":19,"stat.killEntity.Chicken":1,"stat.mineBlock.minecraft.redstone_torch":1,"stat.mobKills":162,"stat.mineBlock.minecraft.leaves":13,"stat.pickup.minecraft.torch":21,"stat.mineBlock.minecraft.stone":26}