{"stat.chestOpened":12,"stat.drop.minecraft.mutton":11,"stat.useItem.minecraft.mushroom_stew":3,"stat.pickup.minecraft.stone_pressure_plate":1,"stat.pickup.minecraft.gravel":1,"stat.leaveGame":2,"stat.mineBlock.minecraft.cobblestone":10,"stat.useItem.minecraft.chicken":1,"stat.pickup.minecraft.flint":1,"stat.useItem.minecraft.apple":2,"stat.pickup.minecraft.obsidian":1,"stat.useItem.minecraft.porkchop":3,"stat.mineBlock.minecraft.sandstone":1,"stat.useItem.minecraft.mutton":33,"stat.useItem.malisisdoors.forcefielditem":12,"stat.jump":1579,"stat.swimOneCm":10899,"stat.fallOneCm":31806,"stat.climbOneCm":1630,"stat.useItem.minecraft.planks":11,"stat.useItem.minecraft.stone_axe":7,"stat.pickup.minecraft.porkchop":3,"stat.pickup.chococraft.chocobo_drumstick_raw":2,"stat.crouchOneCm":4383,"stat.mineBlock.minecraft.chest":1,"stat.pickup.minecraft.dirt":4,"stat.useItem.minecraft.dirt":2,"stat.useItem.minecraft.stone_slab2":39,"stat.craftItem.comforts.sleeping_bag":2,"stat.useItem.ancientbeasts.rifted_pearl":2,"stat.useItem.minecraft.cooked_chicken":1,"stat.craftingTableInteraction":9,"stat.pickup.minecraft.sand":2,"stat.craftItem.minecraft.stone_axe":1,"stat.damageTaken":1647,"stat.pickup.animalium.wild_dog_pelt":1,"stat.mineBlock.minetraps.quicksand":2,"stat.mineBlock.minecraft.torch":6,"stat.craftItem.minecraft.stone_pickaxe":1,"stat.mineBlock.minecraft.furnace":2,"stat.useItem.minecraft.wooden_pickaxe":16,"stat.pickup.minecraft.cobblestone":11,"stat.pickup.minecraft.dye":1,"stat.craftItem.minecraft.stone_sword":1,"stat.flyOneCm":827662,"stat.pickup.minecraft.bed":2,"stat.useItem.securitycraft.bucket_f_lava":6,"stat.useItem.minecraft.ender_pearl":1,"stat.pickup.minecraft.sandstone":1,"stat.pickup.minecraft.wheat_seeds":5,"stat.mineBlock.minecraft.sand":3,"stat.useItem.securitycraft.bucket_f_water":6,"stat.useItem.minecraft.stone_pickaxe":6,"stat.useItem.minecraft.stone_sword":6,"stat.damageDealt":7827,"stat.useItem.mowziesmobs.spawn_egg":3,"stat.sleepInBed":6,"stat.timeSinceDeath":16489,"stat.useItem.medieval_craft.creativesword":3,"stat.useItem.mowziesmobs.wrought_axe":9,"stat.killEntity.Cow":2,"stat.mineBlock.minecraft.dirt":3,"stat.pickup.minecraft.stained_hardened_clay":1,"stat.killEntity.Pig":2,"stat.craftItem.minecraft.wooden_pickaxe":1,"stat.pickup.minecraft.mutton":52,"stat.walkOneCm":351775,"stat.craftItem.minecraft.bed":2,"stat.useItem.minecraft.torch":2,"stat.pickup.mowziesmobs.ice_crystal":1,"stat.killEntity.magma_monster":1,"stat.pickup.minecraft.crafting_table":2,"stat.craftItem.minecraft.crafting_table":1,"stat.furnaceInteraction":3,"stat.useItem.oresabovediamonds.black_opal_axe":3,"stat.talkedToVillager":15,"stat.pickup.minecraft.log":22,"stat.pickup.comforts.sleeping_bag":2,"stat.pickup.minecraft.beef":4,"stat.useItem.tombstone.gift":1,"stat.pickup.minecraft.furnace":2,"stat.killEntity.betteranimalsplus.coyote":2,"stat.pickup.minecraft.chicken":1,"stat.useItem.foodexpansion.itemsquid":1,"stat.pickup.minecraft.sapling":14,"stat.pickup.minecraft.ender_pearl":1,"stat.killEntity.Squid":1,"stat.mineBlock.minecraft.stained_hardened_clay":1,"stat.sprintOneCm":172504,"stat.pickup.mowziesmobs.wrought_axe":1,"stat.pickup.foodexpansion.itemforbiddenfruit":1,"stat.pickup.minecraft.apple":2,"stat.craftItem.minecraft.stick":20,"stat.craftItem.minecraft.wooden_axe":3,"stat.pickup.mowziesmobs.wrought_helmet":1,"stat.killEntity.wild_dog":1,"stat.useItem.carryon.tile_item":3,"stat.craftItem.minecraft.planks":88,"stat.killEntity.Chicken":1,"stat.pickup.farlanders.ender_horn":2,"stat.mineBlock.minecraft.crafting_table":2,"stat.entityKilledBy.betteranimalsplus.coyote":1,"stat.pickup.foodexpansion.itemsquid":1,"stat.mobKills":46,"stat.mineBlock.minecraft.log":21,"stat.deaths":3,"stat.drop":12,"stat.mineBlock.minecraft.leaves":8,"stat.pickup.securitycraft.mine":1,"stat.playOneMinute":165498,"stat.pickup.minecraft.torch":7,"stat.mineBlock.minecraft.stone_pressure_plate":1,"stat.killEntity.Sheep":29,"stat.sneakTime":2026,"stat.pickup.minecraft.wool":28,"stat.useItem.minecraft.wooden_axe":68,"stat.mineBlock.minecraft.tallgrass":21,"stat.diveOneCm":5259,"stat.drop.minecraft.wooden_axe":1,"stat.pickup.minecraft.chest":1}